,0,1,2,3,4,5,6,7,8,9,10,11,12,13,14,15,16,17,18,19,20,21,22,23,24,25,26,27,28
0,"(472.033, 382.077, None, None)","(525.134, 384.839, None, None)","(575.527, 397.123, None, None)","(623.147, 428.811, None, None)","(660.45, 453.634, None, None)","(688.98, 478.757, None, None)","(737.845, 507.699, None, None)","(761.193, 558.829, None, None)","(777.296, 603.704, None, None)","(747.814, 642.148, None, None)","(690.905, 646.099, None, None)","(633.776, 648.027, None, None)","(576.914, 654.233, None, None)","(519.985, 659.563, None, None)","(463.21, 666.183, None, None)","(406.298, 671.919, None, None)","(349.238, 675.746, None, None)","(292.434, 681.457, None, None)","(236.149, 678.791, None, None)","(179.495, 674.568, None, None)","(143.009, 656.038, None, None)","(112.309, 611.988, None, None)","(104.389, 556.574, None, None)","(108.286, 500.137, None, None)","(94.265, 446.064, None, None)","(55.263, 404.577, None, None)","(31.041, 386.031, None, None)","(31.041, 386.031, None, None)","(31.041, 386.031, None, None)"
1,"(445.212, 447.594, 28.292, -28.337)","(477.158, 447.351, -13.517, 53.534)","(508.119, 446.725, -4.676, -35.105)","(547.816, 443.943, 58.328, -28.973)","(590.695, 450.909, 67.185, -23.528)","(624.41, 449.025, 91.447, -5.771)","(666.35, 460.472, 46.876, -27.619)","(708.635, 476.089, -8.117, 66.052)","(741.696, 489.744, -25.31, 66.176)","(758.135, 505.683, 43.201, -50.743)","(779.459, 510.994, -27.75, -36.701)","(784.493, 527.492, 47.057, 20.984)","(800.599, 561.303, -31.891, -5.759)","(800.436, 607.391, 7.964, 90.604)","(795.653, 645.879, -51.877, 16.489)","(761.786, 662.634, -60.613, -31.463)","(704.629, 659.513, -42.944, 13.156)","(654.081, 645.865, -98.354, 2.015)","(616.709, 636.419, -23.31, 3.136)","(587.357, 636.483, -54.532, -29.598)","(558.466, 636.902, -6.98, 9.007)","(515.28, 636.818, -29.506, -57.218)","(481.48, 637.589, 5.798, 5.001)","(447.651, 637.188, 10.843, 39.642)","(412.917, 636.295, -3.459, -14.156)","(378.186, 637.148, -11.097, -33.371)","(344.437, 636.407, -83.178, 7.978)","(298.096, 639.277, -46.694, -35.035)","(254.019, 642.444, -79.95, -31.273)"
2,"(659.916, 202.889, 76.236, -62.724)","(704.24, 194.098, 78.295, -21.726)","(740.416, 192.646, 18.389, 2.516)","(761.06, 192.515, -23.308, -1.53)","(780.493, 160.646, 63.339, -72.081)","(776.905, 98.492, 7.663, -102.1)","(722.741, 85.997, -5.893, -1.44)","(664.615, 94.793, -65.166, 56.673)","(613.318, 100.885, -91.06, -56.428)","(572.762, 97.199, -90.235, -39.804)","(524.254, 90.29, -16.58, -25.85)","(475.446, 84.381, -34.393, -34.595)","(423.507, 83.329, -17.795, 33.297)","(376.451, 86.65, -4.936, 22.287)","(331.214, 85.622, -30.305, 19.932)","(285.87, 80.733, -1.354, -32.662)","(234.666, 81.359, -28.723, -57.669)","(191.717, 78.764, -50.677, -31.28)","(146.475, 81.045, 24.959, 34.387)","(116.706, 120.923, -68.448, 45.898)","(97.482, 163.975, 2.057, 82.931)","(90.876, 207.108, -6.139, 26.025)","(85.648, 251.566, -15.731, 65.262)","(79.094, 293.544, -4.031, 83.361)","(73.871, 330.52, -20.412, 43.905)","(58.761, 361.079, -26.358, -34.96)","(None, None, None, None)","(None, None, None, None)","(None, None, None, None)"
3,"(582.346, 360.989, 47.605, -64.705)","(611.702, 337.885, -8.335, -40.635)","(642.241, 317.899, 24.08, -31.489)","(667.248, 294.055, 87.548, 3.15)","(695.786, 273.816, 10.661, 20.315)","(722.348, 259.297, 41.453, -35.822)","(738.485, 246.632, 54.424, -46.578)","(755.929, 232.923, -12.31, -18.65)","(772.307, 223.557, 0.771, -27.019)","(784.976, 191.134, -9.864, -38.384)","(792.342, 153.877, -10.807, -22.743)","(795.235, 124.716, 29.243, -66.748)","(787.807, 90.31, -78.262, 23.346)","(760.287, 74.998, -19.12, -21.615)","(735.234, 59.614, -71.966, -6.931)","(689.016, 54.497, -56.167, -0.356)","(649.815, 67.051, -90.455, -41.734)","(615.514, 68.263, -2.615, 26.297)","(568.282, 69.792, -95.147, 44.93)","(527.565, 62.11, -76.456, -53.687)","(485.934, 57.906, -31.813, -43.703)","(440.066, 57.056, -58.663, -43.203)","(399.399, 56.214, -27.193, -26.19)","(356.144, 61.965, -12.33, -51.275)","(312.28, 61.583, -6.398, -17.683)","(268.27, 60.299, -43.817, -32.503)","(233.148, 59.59, 12.654, 14.848)","(196.616, 62.747, -48.211, -18.266)","(150.927, 68.986, -97.85, 8.107)"
4,"(644.961, 335.106, 76.493, -22.12)","(675.151, 309.827, 25.086, -6.476)","(707.229, 284.473, 56.34, -13.109)","(735.553, 262.373, 55.555, -6.684)","(754.94, 248.786, -34.119, -35.39)","(775.389, 224.853, 65.764, -48.114)","(791.811, 202.21, -31.428, 33.286)","(812.13, 175.77, -41.11, -85.084)","(808.054, 145.833, -15.207, -108.68)","(810.97, 107.402, -31.044, -0.908)","(799.026, 81.5, -68.307, 17.823)","(765.7, 68.935, -43.498, -48.996)","(736.019, 53.285, -87.287, -25.454)","(684.405, 59.262, -19.679, 16.042)","(644.808, 62.504, -6.603, 22.442)","(597.044, 67.138, -84.494, 21.384)","(558.836, 64.793, 11.276, 18.75)","(521.236, 66.56, -14.312, 14.264)","(474.576, 57.823, -0.832, -19.216)","(434.311, 61.351, -13.161, 22.268)","(389.836, 63.474, -79.732, -29.7)","(346.556, 64.407, -19.697, -25.336)","(300.272, 62.66, -8.781, 43.256)","(262.947, 66.007, -55.265, -44.346)","(226.073, 64.812, -47.311, -43.463)","(188.765, 64.068, -40.03, 37.804)","(134.072, 82.697, -55.482, 78.233)","(111.27, 123.288, 36.767, 23.123)","(113.305, 183.893, -30.042, 80.524)"
5,"(752.582, 304.787, 48.962, 5.681)","(761.822, 278.357, 27.864, -56.262)","(775.995, 248.903, 6.268, -71.874)","(788.374, 227.781, 71.094, -36.764)","(804.201, 195.963, -15.856, -12.476)","(805.299, 159.366, -45.098, -62.283)","(800.586, 111.483, -7.696, -3.915)","(785.908, 76.819, -56.511, -42.148)","(751.597, 56.35, -101.598, 13.886)","(698.656, 59.613, -92.052, -11.106)","(647.169, 65.904, -70.779, 5.913)","(612.826, 65.031, 1.192, 13.574)","(572.665, 68.026, -67.966, -21.105)","(525.734, 69.85, -65.187, 16.503)","(480.411, 71.723, -52.868, -4.934)","(436.619, 70.551, -51.664, 24.552)","(393.576, 71.556, -50.993, -18.527)","(346.015, 68.739, -14.344, -15.374)","(300.3, 67.975, -69.78, -44.216)","(254.256, 70.296, -81.121, 12.076)","(210.515, 71.056, -62.554, -43.068)","(171.894, 70.673, -78.638, -4.35)","(127.61, 88.419, -52.533, 44.256)","(96.666, 126.202, 7.665, 78.456)","(77.149, 170.717, -65.835, 57.182)","(69.366, 218.406, -5.268, 38.601)","(66.573, 261.178, -27.944, 60.933)","(60.517, 303.994, -34.127, 81.054)","(62.868, 329.726, 8.302, -21.981)"
6,"(576.2, 191.601, 69.13, 21.22)","(608.62, 187.346, 7.677, -22.099)","(650.697, 190.206, 76.23, 4.785)","(694.784, 178.361, 16.95, -59.778)","(717.639, 169.502, 21.56, -28.678)","(738.92, 166.212, 70.92, -68.651)","(753.92, 166.122, 37.705, 57.305)","(756.186, 168.944, 52.134, 3.318)","(763.432, 175.728, 44.548, -23.571)","(773.943, 184.533, -33.71, -6.368)","(775.892, 143.963, -22.649, -33.563)","(776.151, 116.862, -13.549, -8.102)","(765.722, 87.35, 17.398, -53.746)","(720.116, 99.333, -43.094, 8.966)","(679.906, 98.993, 8.217, -7.363)","(645.237, 91.514, -89.97, 50.741)","(600.106, 84.104, -36.668, -4.368)","(560.698, 85.721, -32.678, 18.932)","(516.423, 86.425, -86.88, -11.795)","(479.517, 90.03, -32.845, 8.306)","(437.633, 96.009, -86.569, 41.142)","(390.726, 96.387, -4.764, -15.965)","(349.974, 99.705, -53.605, 48.586)","(311.804, 94.453, -44.528, -42.213)","(269.374, 95.391, -51.163, 9.97)","(232.938, 93.507, 3.96, 50.272)","(187.451, 95.263, -52.175, -35.434)","(161.616, 92.391, -3.931, 25.194)","(128.33, 126.152, 18.937, 67.757)"
7,"(601.122, 277.965, 34.02, -5.104)","(640.051, 260.281, 64.315, -28.186)","(676.697, 239.035, -1.669, 37.007)","(715.11, 225.916, 70.011, 25.281)","(734.752, 210.67, -29.563, -61.771)","(748.045, 203.106, 41.379, 7.496)","(767.714, 201.293, 77.363, 14.6)","(782.334, 166.848, 19.522, -5.625)","(781.47, 127.653, 19.703, -22.254)","(766.235, 94.473, -104.992, 35.259)","(701.947, 106.176, -40.196, 28.141)","(677.593, 113.186, -20.929, -19.844)","(650.733, 113.297, -50.684, 22.418)","(604.256, 113.049, -83.774, -39.244)","(573.068, 113.925, -18.858, 18.983)","(536.513, 103.283, -48.617, -33.162)","(485.328, 100.089, -48.942, -22.996)","(434.963, 98.415, -7.506, 39.454)","(387.626, 99.12, -30.712, 18.242)","(340.894, 99.742, 8.253, -27.75)","(302.49, 100.667, -25.749, 10.364)","(260.174, 96.324, -41.543, 13.91)","(218.955, 92.233, -28.232, -30.418)","(176.188, 95.579, 15.358, 0.408)","(140.013, 95.941, 8.136, 21.845)","(122.053, 151.37, -34.746, 18.592)","(115.43, 201.22, 15.592, 93.76)","(115.777, 244.927, 2.746, -4.154)","(113.312, 285.936, -20.96, 17.94)"
8,"(480.532, 517.44, -8.439, -17.338)","(520.279, 531.086, 78.21, -36.093)","(560.901, 534.602, 25.94, 15.578)","(594.936, 536.605, -8.429, 62.744)","(626.996, 543.527, 62.407, 51.364)","(668.503, 545.773, 4.342, 41.27)","(706.679, 547.857, 43.128, 48.887)","(732.964, 553.007, 38.926, 23.052)","(755.045, 553.591, 16.633, 28.052)","(768.289, 561.584, -28.378, 88.164)","(772.915, 625.039, -22.023, 70.215)","(762.184, 659.906, -22.368, -11.281)","(718.587, 654.554, -4.132, -64.415)","(662.683, 643.203, -87.075, -40.729)","(611.748, 637.759, -58.952, -32.612)","(576.937, 636.113, -54.691, -8.692)","(539.635, 639.204, 2.911, 45.787)","(502.638, 639.557, -14.045, 13.769)","(463.343, 637.871, -64.915, 0.437)","(428.675, 638.168, 9.893, -43.984)","(388.847, 638.236, -83.984, -31.4)","(340.805, 640.323, -93.611, 35.185)","(293.675, 641.461, -61.284, -33.583)","(243.342, 656.134, -80.36, 38.972)","(188.274, 661.426, -57.735, -34.434)","(146.017, 662.04, 6.929, -96.816)","(130.149, 621.687, 24.323, -63.372)","(110.525, 578.098, -48.458, -68.996)","(103.562, 528.854, -53.052, -63.166)"
9,"(375.877, 509.762, 52.312, 2.279)","(412.035, 502.913, 0.197, -49.782)","(442.406, 503.673, 77.95, 48.68)","(473.719, 509.245, 25.078, 39.236)","(504.447, 509.551, 1.601, 16.541)","(542.889, 510.575, 44.367, 12.0)","(571.668, 514.914, -13.447, -39.356)","(604.094, 512.514, 75.746, -4.204)","(638.757, 514.494, 25.503, -4.655)","(673.841, 520.982, -2.583, -12.322)","(703.046, 525.555, 58.906, -0.563)","(732.569, 531.933, 73.015, 36.66)","(760.392, 527.197, 61.602, -37.965)","(783.99, 544.656, 27.388, -32.885)","(801.704, 577.573, -46.266, 76.148)","(796.695, 622.602, 4.678, 14.953)","(784.505, 657.093, 9.633, -11.685)","(745.917, 672.478, 9.728, 29.491)","(706.195, 679.297, 1.817, 46.721)","(670.966, 675.938, -101.803, 25.852)","(628.937, 677.179, -47.759, -49.278)","(585.765, 677.616, -67.452, -27.887)","(546.601, 678.304, -65.223, 57.398)","(507.046, 680.737, -53.787, 30.15)","(471.028, 682.016, 14.003, -59.929)","(433.666, 677.874, 5.272, -4.284)","(399.465, 679.522, 0.686, 38.482)","(360.947, 680.734, -67.091, -4.43)","(323.345, 680.025, 1.392, 46.655)"
10,"(621.868, 315.037, -17.193, 7.67)","(647.598, 296.814, -5.12, -51.616)","(680.04, 276.505, 36.973, -44.629)","(709.095, 258.815, 38.951, 34.14)","(730.539, 247.322, 39.476, 27.886)","(754.134, 235.091, 67.167, 31.39)","(777.715, 228.715, 22.209, -6.326)","(786.52, 185.896, 19.797, -7.057)","(779.347, 149.18, -52.882, -8.46)","(780.432, 111.322, 47.732, -67.522)","(762.737, 93.893, -33.714, -5.873)","(716.237, 94.097, -63.912, 43.425)","(680.345, 102.768, -38.802, 26.421)","(643.734, 113.949, -95.752, 33.321)","(605.634, 113.0, -84.868, 7.446)","(572.364, 113.696, -51.031, -9.341)","(528.875, 103.66, -38.991, 24.952)","(483.025, 103.811, -6.812, -1.712)","(432.779, 98.436, -98.093, -18.643)","(389.62, 98.185, -87.049, 29.8)","(343.762, 94.854, -82.754, -33.846)","(300.09, 98.008, 1.12, 20.563)","(261.611, 95.965, -3.965, 35.693)","(219.75, 93.153, -9.341, -58.804)","(184.165, 94.623, -63.168, -40.475)","(144.89, 89.395, -45.722, 71.739)","(128.283, 145.389, 7.998, 69.368)","(124.538, 195.325, -13.73, 87.426)","(119.034, 234.087, -33.425, 7.656)"
11,"(529.717, 168.783, -0.284, -27.038)","(565.081, 166.259, 73.373, -1.158)","(590.691, 166.275, 50.469, -18.017)","(609.472, 166.407, 38.509, 8.487)","(626.188, 166.18, 45.152, -13.105)","(631.56, 166.645, -37.062, 22.881)","(644.717, 184.097, 10.687, 0.424)","(681.892, 183.852, 15.352, -38.784)","(706.824, 166.371, -14.843, -59.573)","(716.529, 166.636, -8.04, 26.097)","(731.134, 167.516, -3.884, 36.761)","(745.982, 167.811, 15.044, -36.924)","(747.544, 173.794, 9.7, 4.474)","(755.523, 175.469, -13.206, 20.359)","(766.39, 176.333, 44.523, -39.285)","(774.722, 183.684, 6.884, 3.106)","(781.534, 152.657, 6.758, -52.642)","(781.343, 113.736, 6.573, -89.659)","(757.067, 93.517, -21.748, 42.421)","(733.862, 95.355, -8.949, 49.474)","(695.59, 83.311, -23.698, -43.702)","(649.296, 86.432, -38.939, -6.702)","(599.827, 88.749, -37.953, -16.949)","(569.408, 81.99, -44.153, -45.714)","(531.525, 79.886, -20.748, -39.706)","(494.691, 78.762, -1.76, -37.768)","(449.952, 81.351, -50.43, -43.519)","(410.734, 77.186, -24.373, 42.292)","(376.786, 70.988, -43.389, -1.324)"
12,"(467.77, 402.427, 40.875, -5.183)","(491.896, 381.723, 61.367, 27.223)","(524.175, 355.537, -14.607, 2.794)","(567.795, 347.869, -10.68, -21.776)","(597.857, 336.898, 33.982, 8.254)","(628.638, 329.627, 4.092, -24.346)","(663.17, 321.917, 36.467, 16.062)","(683.889, 311.653, -20.818, 12.629)","(713.753, 296.408, -4.909, -49.186)","(731.089, 286.868, 33.498, -44.023)","(750.038, 281.23, 63.923, 4.307)","(760.66, 266.17, 17.358, 14.825)","(766.219, 253.363, -24.13, -65.798)","(774.554, 243.748, -31.335, 3.499)","(786.923, 229.152, 3.635, 34.454)","(797.164, 207.146, -5.834, 15.73)","(801.119, 183.494, -35.624, -75.793)","(792.899, 145.1, -14.617, -78.504)","(804.051, 106.622, 30.78, 14.853)","(784.222, 91.439, -85.827, 23.537)","(742.842, 92.429, -37.682, 31.259)","(712.718, 86.974, -50.65, 0.806)","(679.308, 84.397, -22.066, -40.02)","(633.937, 84.434, -4.288, 0.699)","(580.214, 95.162, -59.738, -5.967)","(545.446, 101.819, -46.191, 37.317)","(506.009, 102.089, -31.178, -15.572)","(462.135, 100.116, -14.842, 25.933)","(421.843, 98.905, -34.872, 33.625)"
13,"(332.703, 196.288, 32.781, -29.243)","(359.595, 182.785, 3.399, -17.233)","(389.524, 173.949, 22.94, -48.262)","(417.668, 171.38, 62.195, -5.358)","(446.358, 171.21, 63.384, 7.938)","(479.351, 168.499, 65.063, 47.825)","(508.32, 168.158, 43.439, 12.505)","(534.746, 167.026, 44.823, -7.484)","(554.406, 169.971, -30.209, -22.931)","(573.396, 167.363, 36.68, -55.026)","(584.342, 170.779, 42.688, 49.963)","(594.006, 180.206, 36.793, -14.338)","(603.121, 193.58, 39.372, -40.046)","(637.164, 200.107, 66.388, -25.537)","(675.326, 216.35, 67.422, -17.639)","(693.386, 212.309, 36.327, -50.164)","(705.716, 217.019, 1.399, -17.372)","(724.099, 216.276, 31.612, 28.637)","(746.37, 220.988, 68.548, 34.537)","(766.338, 215.354, 25.293, -10.699)","(785.587, 192.348, 38.973, -9.553)","(787.872, 158.042, 5.606, -25.851)","(791.767, 123.413, -40.645, 6.913)","(778.742, 97.658, -9.824, 12.435)","(754.423, 96.628, -56.223, 21.279)","(716.066, 95.439, -78.318, -23.093)","(672.418, 80.643, -62.019, 39.065)","(642.089, 75.295, 4.739, -16.246)","(608.072, 72.266, -17.316, 25.983)"
14,"(510.815, 217.878, 18.848, 22.072)","(543.206, 210.247, 15.029, 6.707)","(578.803, 207.249, 36.311, -14.885)","(616.385, 207.238, 9.468, 15.683)","(653.102, 205.262, 63.75, 17.627)","(684.668, 194.502, -9.195, -45.387)","(705.525, 187.822, 1.326, -12.123)","(721.892, 169.89, -17.498, -19.516)","(740.834, 167.508, 66.225, 2.238)","(752.715, 170.903, 52.549, -2.155)","(759.947, 167.525, 46.836, 62.66)","(782.183, 178.89, -45.82, -45.646)","(790.377, 146.709, -53.163, -61.201)","(788.61, 98.974, -61.183, -78.187)","(739.943, 101.653, 2.824, -32.232)","(709.109, 113.997, -101.737, 35.383)","(673.1, 113.359, -36.569, -3.163)","(649.718, 113.808, -52.571, 5.43)","(628.508, 113.484, -1.706, -11.018)","(607.616, 113.979, -75.163, 8.903)","(578.554, 113.099, -27.971, -37.134)","(553.008, 110.309, -88.54, 32.742)","(507.593, 104.881, 7.141, 18.772)","(466.889, 104.662, -16.99, -53.283)","(423.635, 101.316, -45.447, 16.641)","(373.357, 99.632, -12.713, -1.858)","(334.214, 99.982, -49.876, 11.91)","(295.004, 96.603, -19.612, 49.729)","(255.381, 92.954, 11.713, 38.355)"
15,"(281.504, 558.919, 10.891, 48.663)","(310.178, 553.405, 52.771, -7.885)","(341.546, 551.848, -6.062, -53.767)","(364.826, 551.508, 45.147, 23.771)","(398.065, 556.594, 35.609, 12.843)","(429.85, 560.662, 9.402, 44.143)","(457.249, 555.251, 79.903, 10.583)","(483.37, 554.136, -12.673, -29.519)","(517.764, 559.937, 83.928, 35.301)","(549.486, 555.312, 20.228, 17.778)","(584.218, 553.575, 25.772, 31.706)","(618.28, 546.975, 35.407, 14.706)","(648.599, 549.286, 57.721, 42.625)","(667.477, 550.847, 54.664, 56.181)","(702.397, 544.563, 10.309, 41.913)","(737.691, 536.219, 12.055, 5.145)","(768.681, 536.875, 81.353, 38.217)","(779.906, 562.667, 37.316, -8.104)","(786.95, 602.928, 57.321, 19.616)","(793.197, 635.387, -14.476, 49.548)","(795.818, 654.675, 21.084, -48.987)","(752.248, 666.189, -39.807, -5.146)","(710.805, 673.126, -87.352, 59.624)","(672.574, 677.443, -35.617, 23.273)","(642.517, 668.128, -36.69, -51.555)","(601.462, 663.731, -82.665, 45.566)","(563.045, 661.568, 21.19, 51.227)","(532.634, 669.164, -68.132, -23.07)","(497.291, 677.26, -46.232, -33.588)"
16,"(351.334, 287.983, 33.393, 16.421)","(389.142, 283.506, 23.032, 45.28)","(426.616, 267.701, 7.741, 18.262)","(458.844, 257.742, -22.809, -52.445)","(484.362, 258.24, 68.923, 50.863)","(508.657, 257.429, 89.542, 34.225)","(535.655, 246.259, 18.938, -19.272)","(562.345, 241.833, 40.813, 20.877)","(601.459, 238.88, 72.211, 10.54)","(639.295, 235.041, -5.066, 11.038)","(679.029, 229.215, 32.381, -0.621)","(710.737, 225.312, 86.634, 17.206)","(732.01, 210.879, 46.192, 17.182)","(755.901, 203.875, -13.909, 54.249)","(768.718, 204.486, -25.33, 17.929)","(783.017, 171.308, -42.812, -38.904)","(780.533, 119.741, -35.908, -42.56)","(782.593, 88.187, -45.513, -38.026)","(755.884, 63.03, -24.237, -9.972)","(716.528, 55.446, -4.508, -30.52)","(676.155, 54.164, -54.479, -18.403)","(630.962, 54.64, -89.837, -9.214)","(584.474, 56.344, -69.748, 40.409)","(541.788, 55.578, -2.521, -47.726)","(500.58, 57.208, -41.371, 7.961)","(463.737, 59.71, -65.908, 51.531)","(421.588, 56.065, 4.056, -42.511)","(382.68, 57.622, -18.05, 2.67)","(339.521, 60.5, -92.712, -2.241)"
17,"(394.969, 341.19, 14.37, -21.53)","(436.715, 331.551, -12.026, -3.502)","(477.291, 311.662, -20.078, 19.812)","(512.417, 298.66, 6.447, -54.494)","(546.31, 290.066, 84.022, -30.186)","(577.73, 283.572, 4.574, 3.226)","(611.342, 271.611, 53.099, -63.964)","(634.734, 254.884, -13.503, 31.682)","(663.29, 248.911, 71.824, -20.74)","(691.052, 240.004, 3.957, -18.282)","(706.945, 224.123, 38.007, -51.678)","(733.462, 206.896, 24.569, -0.078)","(762.316, 198.788, 59.768, 5.555)","(781.293, 174.277, 1.269, -47.259)","(778.954, 140.059, 19.758, -2.198)","(782.924, 103.647, 40.058, -78.141)","(750.243, 88.695, -103.47, 0.912)","(720.708, 84.82, 27.591, -68.067)","(681.601, 86.945, -37.535, 58.765)","(639.092, 99.717, -38.024, 6.65)","(613.286, 113.884, -60.429, 9.718)","(600.301, 113.454, -46.751, -15.208)","(575.451, 113.633, -40.086, 32.482)","(553.191, 112.326, -37.827, -3.341)","(503.189, 104.126, 13.306, -4.704)","(463.211, 101.437, -37.483, -36.97)","(426.804, 104.181, 3.353, 41.059)","(388.205, 103.505, 14.936, -34.791)","(347.656, 102.937, -74.134, 45.2)"
18,"(756.52, 338.653, -29.049, -13.931)","(777.477, 313.064, 11.727, 1.115)","(795.266, 287.369, -39.098, -21.63)","(810.026, 264.641, 33.551, -73.457)","(818.045, 251.993, -51.809, -37.741)","(822.54, 235.597, -43.329, 35.871)","(818.993, 228.364, 60.861, 13.582)","(811.223, 217.578, -21.039, -23.378)","(809.406, 197.53, -45.782, -72.658)","(816.423, 168.209, 26.243, -64.593)","(810.386, 150.969, 43.046, -74.035)","(815.637, 107.653, 51.855, 11.335)","(811.579, 76.533, -30.526, -58.461)","(804.293, 68.055, -4.391, 24.984)","(783.453, 55.34, 10.331, -27.797)","(753.995, 51.425, 18.93, -45.504)","(724.03, 46.617, 10.442, -28.309)","(676.938, 53.535, -81.519, 12.652)","(626.566, 60.289, -60.363, 45.915)","(583.189, 57.318, -56.44, 46.597)","(541.661, 57.912, -82.197, -1.554)","(502.326, 56.181, -31.429, 42.185)","(461.561, 60.668, -4.686, 13.174)","(418.885, 61.456, 8.217, 45.743)","(373.253, 63.401, -20.841, -5.314)","(329.982, 62.314, -55.536, -48.739)","(292.271, 63.327, -62.617, 34.952)","(247.592, 65.155, -78.012, 25.103)","(211.173, 68.2, -62.781, -55.713)"
19,"(677.475, 170.624, 60.08, 9.055)","(711.723, 166.764, 62.157, 33.023)","(733.116, 166.319, -20.363, 15.178)","(744.227, 167.207, -7.917, 26.615)","(755.28, 168.202, 75.208, -12.102)","(764.146, 174.476, -15.09, -72.361)","(773.286, 178.64, 53.594, 50.63)","(787.725, 151.677, -8.795, -8.645)","(799.399, 113.48, 53.282, -58.451)","(789.624, 85.609, -45.051, -6.873)","(728.55, 91.067, -50.559, 30.653)","(689.367, 88.752, -15.266, -62.482)","(643.419, 77.86, -99.045, -33.076)","(605.461, 75.206, 9.553, -11.84)","(565.866, 74.336, 9.633, 31.957)","(525.156, 66.964, -83.752, 40.337)","(484.813, 64.149, -21.206, 18.883)","(438.883, 61.314, 0.956, 10.609)","(388.105, 64.223, -31.449, 7.582)","(344.772, 66.37, -66.617, -6.521)","(296.534, 63.436, 1.94, 29.704)","(253.745, 67.444, -58.106, -0.427)","(213.539, 70.571, -21.722, -34.123)","(174.667, 67.312, -17.254, 45.647)","(126.506, 70.556, -51.413, -27.669)","(99.096, 97.373, -0.334, -10.301)","(81.737, 135.541, -19.493, 34.125)","(71.225, 184.915, -55.786, 96.807)","(69.566, 228.721, 17.423, 20.319)"
20,"(659.98, 354.528, 44.865, -14.972)","(685.882, 333.756, -8.107, -66.002)","(708.169, 316.502, -6.765, 3.858)","(721.847, 298.343, -14.437, -25.925)","(737.657, 284.178, 35.598, -46.92)","(754.977, 270.554, 29.919, 8.868)","(772.102, 258.926, -34.004, -66.731)","(786.181, 247.317, 25.876, 22.592)","(794.931, 232.334, 38.524, -44.504)","(797.868, 207.243, 33.164, -77.792)","(807.174, 181.601, 38.653, 6.368)","(801.621, 153.446, -33.216, -105.978)","(801.366, 113.198, -17.448, -67.321)","(798.411, 86.887, -6.142, -6.325)","(766.899, 77.364, -35.933, -52.121)","(728.058, 76.445, -64.746, 5.923)","(703.031, 68.922, -63.997, -11.471)","(644.461, 68.096, -77.401, -1.288)","(600.769, 73.101, -24.955, 35.318)","(556.171, 78.311, -27.109, 8.575)","(510.445, 85.53, -61.46, 2.229)","(465.41, 82.838, 2.87, 2.297)","(426.014, 77.701, 9.131, -14.396)","(382.279, 70.775, 14.715, -20.18)","(340.995, 70.236, -94.803, 17.099)","(295.963, 71.408, -80.347, 28.09)","(259.907, 74.469, -23.529, 46.983)","(220.504, 76.362, -98.16, -18.443)","(181.904, 73.959, -62.826, -64.431)"
21,"(504.508, 272.335, -12.861, -11.858)","(535.616, 260.121, 49.134, 29.931)","(565.803, 248.825, 70.823, 40.498)","(593.41, 240.899, 74.213, -6.819)","(626.312, 231.686, 2.346, -34.954)","(662.099, 226.077, 73.784, -23.805)","(685.463, 218.723, -4.279, -47.264)","(715.078, 208.911, 5.198, -30.977)","(742.255, 201.783, 89.412, 32.682)","(759.393, 199.904, 57.666, 44.518)","(780.81, 179.704, 31.367, -14.94)","(774.601, 148.167, -21.704, -72.936)","(780.291, 115.789, 5.397, -49.127)","(754.508, 94.664, -128.36, -25.398)","(708.304, 113.791, -49.03, -0.6)","(674.806, 113.51, -10.588, 36.414)","(638.604, 113.936, -88.204, 3.767)","(615.167, 113.936, -42.217, 8.518)","(593.666, 113.493, -3.577, -13.854)","(569.901, 113.181, -53.321, -26.876)","(538.415, 107.248, -12.736, 16.951)","(493.934, 104.212, -29.977, 13.729)","(449.392, 102.518, -10.569, 17.473)","(409.552, 101.202, -32.589, 17.322)","(366.882, 101.264, -53.383, 41.265)","(323.346, 102.154, -30.482, 12.118)","(289.129, 96.712, -55.904, 16.495)","(252.985, 96.341, 10.568, -23.894)","(221.086, 92.128, 28.059, -6.606)"
22,"(704.674, 324.932, 21.945, -2.453)","(729.216, 300.474, -21.204, -10.961)","(752.861, 283.245, -24.164, -28.389)","(776.184, 268.169, 57.316, -35.493)","(791.828, 249.84, -20.175, 4.104)","(801.341, 223.348, 2.845, -31.164)","(807.822, 181.878, 21.12, -28.977)","(810.285, 140.041, 54.129, -5.647)","(814.044, 91.662, -20.366, -11.816)","(810.793, 71.436, -45.783, -5.578)","(787.964, 53.991, -61.377, -59.892)","(756.176, 46.366, -5.509, 5.275)","(693.467, 56.779, -84.739, 12.289)","(644.4, 63.176, -30.666, -40.913)","(599.595, 66.772, -42.37, -36.774)","(559.008, 66.03, -80.154, -22.26)","(517.336, 61.032, -68.914, 12.871)","(482.245, 64.453, -49.53, -3.802)","(436.571, 67.235, -32.276, -20.199)","(388.949, 62.241, -29.303, -50.146)","(348.652, 64.893, -5.443, -57.747)","(306.536, 64.791, -36.534, -36.205)","(262.256, 64.98, -30.517, -10.88)","(219.47, 67.813, -16.539, -39.04)","(183.143, 64.13, -39.113, -37.266)","(131.206, 73.528, -47.611, -11.615)","(98.766, 97.41, -17.021, -4.799)","(81.153, 138.852, -33.589, 3.784)","(66.739, 180.746, -10.618, 92.324)"
23,"(539.573, 239.474, 0.87, 6.733)","(580.517, 223.261, 22.839, -38.002)","(611.53, 217.513, 73.751, -29.391)","(651.657, 204.217, -2.701, 43.379)","(691.903, 191.877, -15.662, -11.989)","(720.264, 178.585, 21.782, -47.775)","(740.74, 187.745, 2.214, 36.087)","(757.809, 193.774, -23.409, 15.317)","(771.195, 184.992, 10.252, -0.573)","(777.283, 147.275, 23.108, -1.877)","(777.128, 112.525, 50.553, -41.605)","(773.25, 90.204, -31.958, 29.784)","(707.191, 112.067, -23.483, -26.626)","(667.951, 112.919, -68.93, 24.955)","(627.176, 113.985, -101.17, 56.713)","(595.643, 113.916, -21.489, 41.463)","(570.475, 112.93, -13.792, -16.332)","(528.085, 104.043, -36.095, 5.9)","(482.592, 100.039, -57.286, -58.903)","(437.789, 99.352, -77.252, 21.973)","(398.652, 98.62, -69.262, 6.558)","(349.894, 96.425, -83.472, 14.024)","(305.735, 95.325, -60.019, -42.215)","(270.523, 94.174, -77.617, 31.565)","(229.567, 93.233, -60.579, -33.142)","(191.749, 91.332, 5.096, -35.113)","(156.805, 82.968, -60.935, 30.337)","(127.027, 99.706, -27.119, 14.604)","(99.437, 143.273, 17.655, 89.106)"
24,"(398.89, 166.101, 84.161, -13.73)","(420.204, 166.046, 38.01, -3.098)","(441.681, 166.821, -8.94, 25.419)","(477.022, 166.935, 48.288, -4.589)","(504.757, 166.332, -12.988, -28.378)","(526.84, 166.172, 96.136, 6.501)","(558.272, 166.861, 24.724, -49.339)","(584.378, 166.128, 55.846, -60.929)","(602.33, 166.227, 40.185, -49.812)","(613.543, 166.328, 0.38, -9.739)","(614.669, 167.447, 16.187, 15.687)","(616.536, 166.655, 40.228, -58.747)","(616.428, 170.185, 60.1, 25.144)","(626.792, 173.281, 7.453, -23.385)","(642.807, 178.015, 18.087, 16.276)","(651.33, 180.826, 53.356, -41.468)","(667.637, 190.734, 23.433, -10.834)","(679.338, 203.665, 40.848, -14.615)","(705.141, 205.971, 50.533, -19.829)","(728.451, 210.762, 37.884, 37.216)","(745.029, 213.672, -39.945, 6.028)","(764.465, 205.035, 48.734, 19.199)","(767.037, 190.982, -6.057, -47.484)","(774.515, 156.835, 55.988, -69.442)","(777.94, 121.704, -41.736, -31.251)","(767.543, 100.33, -17.643, 11.237)","(729.2, 111.237, 19.82, 14.504)","(722.417, 113.682, -2.594, -16.926)","(714.501, 100.652, -17.956, -65.504)"
25,"(579.557, 329.08, 64.664, 31.831)","(613.605, 301.062, -0.754, -19.537)","(648.271, 281.064, 69.357, 0.743)","(681.049, 257.714, 14.567, 20.683)","(707.405, 242.684, 35.501, 0.94)","(726.316, 232.47, 48.609, 17.928)","(756.698, 220.78, -6.988, 4.824)","(773.709, 212.403, 4.405, 19.016)","(781.617, 200.818, 61.918, 28.147)","(796.574, 165.906, 6.595, -82.126)","(798.104, 124.898, -43.0, -9.161)","(788.155, 94.727, -65.824, 52.407)","(743.985, 94.065, -20.173, 53.633)","(694.385, 113.768, -65.685, 20.522)","(660.739, 113.052, -89.995, 37.108)","(632.772, 112.998, -20.676, -20.197)","(606.721, 113.925, -60.879, 21.392)","(581.494, 113.535, 15.575, 5.03)","(558.505, 113.076, -20.051, -27.893)","(510.438, 105.906, -8.395, 8.502)","(470.229, 103.596, -65.118, 12.696)","(433.876, 102.001, -70.527, -46.228)","(394.264, 97.742, -93.543, -32.742)","(352.64, 105.108, -88.056, 5.901)","(315.143, 98.822, -42.383, -4.178)","(271.859, 102.597, -103.466, -8.728)","(234.152, 98.528, -25.319, 26.846)","(199.322, 97.667, -38.422, 19.75)","(171.467, 98.319, -44.039, -0.347)"
26,"(296.843, 474.088, 50.738, -8.809)","(316.764, 469.298, 8.473, 2.229)","(344.874, 468.136, -10.086, 25.071)","(369.805, 468.056, -20.677, -10.343)","(397.218, 470.147, 18.752, 51.62)","(423.712, 474.949, -24.438, -38.322)","(454.578, 479.733, 65.876, 29.906)","(482.583, 490.329, -14.24, 20.55)","(507.63, 490.008, 66.408, 48.598)","(525.855, 493.36, 2.958, 7.218)","(552.904, 499.265, 70.233, 15.857)","(578.466, 504.701, -26.262, 44.141)","(598.897, 511.8, 17.484, -30.265)","(633.564, 518.269, 42.32, -37.007)","(665.726, 521.979, 72.934, 8.351)","(689.291, 527.605, 75.514, -49.346)","(707.56, 522.685, 48.084, 34.952)","(735.118, 532.789, 38.564, 38.001)","(762.275, 532.23, 15.021, -40.55)","(780.02, 550.663, -30.62, 11.571)","(777.203, 584.937, -18.716, 54.481)","(777.598, 616.188, -37.591, -17.532)","(779.026, 636.804, 12.832, 70.224)","(768.585, 649.656, -86.326, -62.842)","(712.559, 661.393, -45.146, -8.173)","(661.093, 661.681, -95.428, -52.565)","(620.509, 656.138, -67.157, 4.094)","(585.305, 647.524, 6.045, 7.401)","(549.578, 650.222, 5.297, -31.844)"
27,"(417.323, 396.234, 14.719, -10.191)","(445.066, 378.537, 26.78, -1.554)","(475.046, 365.692, 17.76, -12.075)","(500.125, 356.812, 6.318, -14.286)","(524.391, 347.451, 30.77, 9.026)","(550.195, 336.942, 34.144, -18.542)","(575.275, 327.134, 40.463, 7.629)","(599.233, 316.986, 12.217, -16.443)","(622.476, 308.32, 22.81, 4.968)","(647.668, 300.277, 19.532, -5.821)","(671.814, 292.275, 26.822, -2.548)","(694.583, 283.813, 27.843, -9.97)","(716.679, 272.767, 13.003, -19.148)","(739.865, 261.978, 18.611, -9.548)","(761.989, 253.071, 9.204, 1.415)","(775.593, 245.478, 41.348, -22.55)","(789.157, 228.233, -3.863, -19.438)","(799.309, 197.48, 18.837, -16.671)","(804.725, 172.445, -5.591, -16.25)","(799.172, 139.096, 6.554, -48.433)","(803.64, 102.358, 10.206, -31.049)","(787.901, 78.183, -32.025, -39.192)","(765.11, 59.094, -13.305, 1.352)","(724.432, 56.724, -35.502, 9.232)","(680.389, 57.633, -38.942, -2.197)","(642.026, 58.792, -51.933, -7.422)","(600.402, 58.514, -1.944, 34.522)","(563.967, 61.358, -54.862, 35.672)","(528.03, 64.001, -32.226, -48.612)"
28,"(457.01, 304.246, 52.746, 10.004)","(491.675, 296.87, 46.155, -19.092)","(524.673, 284.635, 44.043, -18.543)","(561.061, 272.602, 12.413, -0.368)","(589.713, 259.872, 39.625, -8.142)","(619.677, 250.143, 16.005, -5.36)","(647.421, 245.645, 37.806, -4.86)","(674.976, 233.141, 36.949, -0.214)","(702.083, 228.258, 36.128, -8.452)","(720.259, 219.734, -4.486, -10.716)","(737.851, 207.208, 11.452, -1.648)","(761.457, 203.368, 19.967, 16.844)","(776.559, 172.076, 22.891, -21.277)","(787.768, 138.89, 27.033, -44.48)","(794.306, 104.607, -9.646, -35.394)","(765.682, 81.67, -19.095, 4.977)","(733.962, 79.732, -39.42, -14.115)","(698.893, 67.273, -51.791, -5.221)","(651.834, 70.6, -38.304, 16.235)","(611.696, 70.819, -55.246, -2.18)","(575.741, 73.676, -37.379, 10.378)","(536.419, 75.524, -24.047, 10.568)","(495.133, 73.357, -41.706, 6.344)","(454.541, 71.498, -31.545, 3.876)","(413.749, 69.717, -25.856, -13.467)","(372.293, 66.172, -44.164, -17.607)","(333.741, 65.267, -47.004, -5.966)","(295.046, 65.04, -45.518, 11.168)","(261.849, 64.348, -48.348, 1.918)"
29,"(523.498, 384.666, 42.991, -17.156)","(567.174, 367.596, 37.34, -16.338)","(600.745, 344.304, 33.81, -23.898)","(621.771, 328.057, 2.504, -29.055)","(649.937, 309.217, 47.191, -17.966)","(677.261, 294.82, 41.422, -3.141)","(700.962, 282.456, 11.702, -33.697)","(722.577, 268.285, 41.074, -27.43)","(737.86, 261.958, 36.104, 7.792)","(758.226, 250.345, 22.723, -2.518)","(769.69, 237.553, 33.146, -6.062)","(784.775, 219.823, -2.676, -29.71)","(791.112, 190.618, -9.943, -11.728)","(789.09, 155.663, 12.464, -11.017)","(796.599, 128.917, -4.373, -33.736)","(802.686, 98.222, -7.663, -42.02)","(789.111, 82.11, -47.497, -35.604)","(753.054, 69.655, -34.228, 13.032)","(721.137, 69.891, -45.577, 16.046)","(673.197, 70.815, -37.848, -12.933)","(631.589, 78.601, -55.797, 6.532)","(589.944, 79.441, -47.146, -2.259)","(549.949, 82.139, -48.971, -3.403)","(508.917, 85.31, -49.103, -5.725)","(470.384, 87.77, -59.171, -0.015)","(424.842, 93.594, -56.099, 1.713)","(380.951, 95.273, -49.803, 6.415)","(340.593, 95.147, -27.234, -11.393)","(302.104, 96.763, -33.242, -0.398)"
30,"(688.625, 379.385, 18.533, -38.52)","(714.551, 349.812, 11.074, -11.003)","(738.361, 329.642, 26.398, -37.34)","(756.8, 307.024, 22.24, -38.99)","(771.448, 284.64, 6.09, -9.053)","(785.503, 257.514, 1.214, -33.63)","(797.66, 237.594, 21.237, -22.059)","(796.066, 213.544, 10.205, -37.483)","(797.962, 172.221, -20.846, -45.129)","(795.997, 132.997, 12.806, -34.358)","(802.48, 97.635, 23.788, -22.118)","(805.88, 69.338, 2.016, -21.691)","(781.681, 53.88, -46.321, 12.2)","(745.045, 49.687, -27.979, 0.274)","(696.411, 53.181, -38.862, 3.06)","(651.53, 59.811, -32.185, -11.421)","(611.925, 57.671, -44.155, 9.645)","(575.591, 58.233, -34.364, 0.249)","(535.515, 58.03, -31.792, 17.704)","(490.978, 58.241, -58.861, 16.601)","(444.731, 58.668, -35.532, -8.548)","(398.506, 60.881, -43.346, -12.577)","(353.91, 62.965, -40.263, -13.618)","(315.389, 62.811, -37.376, 5.386)","(275.224, 63.835, -33.268, 3.707)","(236.103, 65.263, -38.814, 15.242)","(198.104, 66.475, -28.772, 0.739)","(154.047, 66.235, -38.995, 19.675)","(114.281, 84.257, -45.279, 36.641)"
31,"(737.41, 239.811, 44.242, -30.765)","(772.573, 213.704, 41.948, -5.712)","(794.529, 187.525, 16.266, -34.033)","(802.315, 141.397, -11.383, -74.431)","(778.46, 85.857, -30.634, -36.91)","(725.742, 73.207, -71.708, 13.85)","(671.858, 76.963, -54.001, 11.172)","(618.405, 78.524, -67.858, 6.809)","(566.836, 76.596, -58.157, -7.48)","(519.42, 75.563, -44.599, 11.461)","(468.731, 76.211, -46.286, -12.862)","(420.646, 77.393, -37.266, 16.778)","(370.919, 79.542, -38.144, 8.594)","(321.351, 77.913, -59.622, -2.9)","(275.142, 80.0, -52.161, -14.916)","(225.665, 78.889, -59.611, -2.282)","(183.652, 79.214, -58.131, -10.842)","(139.076, 86.401, -33.413, 23.619)","(114.999, 129.164, -34.515, 31.931)","(102.095, 173.634, -18.853, 59.832)","(93.908, 220.055, -19.632, 33.596)","(87.911, 267.426, -14.882, 28.079)","(79.877, 313.209, -16.037, 59.499)","(68.264, 358.872, -27.623, 50.393)","(None, None, None, None)","(None, None, None, None)","(None, None, None, None)","(None, None, None, None)","(None, None, None, None)"
32,"(656.466, 284.245, 15.126, -36.303)","(687.732, 262.074, 18.587, -27.602)","(724.567, 241.469, 14.958, -22.268)","(758.598, 228.095, 13.584, 3.986)","(786.114, 211.596, 37.751, -13.749)","(801.143, 185.661, 15.071, -34.794)","(802.71, 145.666, 7.385, -27.865)","(805.665, 104.477, 11.288, -45.752)","(789.398, 70.463, -21.666, -42.677)","(747.072, 54.428, -56.99, -6.98)","(698.428, 59.113, -29.708, 9.092)","(663.118, 58.624, -29.653, -2.087)","(621.9, 59.173, -29.812, 1.831)","(576.31, 57.899, -44.771, -2.773)","(528.511, 60.09, -54.128, -0.609)","(480.553, 60.376, -43.909, -14.74)","(436.729, 60.828, -30.914, 8.383)","(390.457, 62.369, -42.626, -2.701)","(345.22, 62.271, -30.606, 16.065)","(300.386, 61.738, -32.803, -4.305)","(257.12, 63.556, -42.603, -8.612)","(217.251, 69.336, -47.257, -2.37)","(177.211, 66.238, -32.037, 0.532)","(136.97, 74.666, -33.31, 20.995)","(103.264, 108.928, -30.337, 41.5)","(80.976, 146.039, -0.135, 51.243)","(69.826, 187.389, -6.515, 54.785)","(64.657, 232.621, -12.876, 32.291)","(65.464, 274.026, -10.139, 24.14)"
33,"(413.374, 492.001, 20.565, 21.791)","(449.176, 496.995, 37.592, 7.883)","(479.326, 502.343, 21.716, -19.422)","(510.765, 502.663, 34.396, -0.636)","(545.979, 503.269, 22.56, 4.399)","(578.945, 504.867, 27.509, 16.521)","(607.178, 511.032, 28.274, 5.872)","(641.964, 518.968, 42.527, 5.382)","(677.908, 525.04, 34.378, -1.029)","(708.969, 533.48, 6.85, 14.523)","(732.563, 537.496, 18.126, -6.238)","(760.654, 537.624, 14.904, -3.29)","(777.041, 547.522, 9.649, 34.101)","(790.359, 579.339, 13.095, 59.381)","(790.654, 616.992, -2.823, 24.82)","(791.702, 646.972, 5.213, 50.508)","(756.955, 660.702, -47.452, 8.684)","(709.19, 674.942, -46.197, -7.701)","(667.144, 668.787, -42.201, -10.337)","(629.536, 659.238, -20.338, -6.974)","(596.531, 648.927, -17.999, -18.957)","(563.796, 637.611, -26.467, 1.339)","(554.0, 636.025, -28.435, -3.814)","(543.524, 636.086, -31.631, -4.982)","(529.17, 636.215, -46.712, 4.466)","(500.313, 636.92, -37.877, 5.475)","(469.542, 636.125, -37.147, -1.346)","(441.583, 636.125, -44.188, 5.225)","(414.315, 636.422, -25.907, 10.514)"
34,"(652.603, 252.94, 40.822, -5.681)","(684.327, 238.362, 11.912, -18.879)","(716.015, 220.455, 27.03, -10.966)","(750.853, 209.203, 51.223, -9.975)","(770.58, 195.482, -4.235, -44.4)","(782.062, 145.697, -8.608, -35.193)","(776.534, 92.579, -6.934, -61.326)","(722.839, 90.965, -64.51, -5.098)","(680.568, 104.503, -46.169, 20.967)","(637.498, 110.816, -53.792, 4.688)","(596.998, 109.691, -48.377, -4.997)","(564.671, 112.013, -25.345, 7.482)","(534.093, 102.706, -56.43, -0.121)","(491.593, 100.696, -27.699, -13.54)","(451.705, 99.666, -35.242, -7.12)","(411.472, 98.683, -26.34, -9.998)","(366.497, 96.564, -55.24, -11.245)","(322.173, 98.663, -49.062, -1.226)","(275.064, 96.056, -36.341, 12.652)","(231.474, 92.102, -35.476, 11.558)","(187.394, 90.048, -49.806, 5.0)","(143.529, 86.036, -21.701, 34.369)","(120.29, 125.474, -3.673, 39.946)","(114.803, 170.778, -16.96, 52.882)","(112.14, 210.694, 7.019, 31.618)","(110.863, 253.035, -3.844, 52.52)","(108.11, 293.568, 4.763, 50.207)","(102.821, 328.257, 4.158, 34.288)","(97.665, 360.196, -1.281, 20.831)"
35,"(689.436, 239.377, 30.827, -20.602)","(725.045, 227.561, 31.717, -21.832)","(758.384, 210.701, 36.015, -23.039)","(782.491, 178.522, 20.902, -28.998)","(795.758, 129.103, -1.544, -62.899)","(787.216, 78.347, -23.269, -19.553)","(752.082, 58.84, -44.329, -16.595)","(701.492, 59.737, -57.132, -5.065)","(654.001, 64.807, -32.43, -10.242)","(608.782, 66.029, -59.239, -5.902)","(563.485, 65.664, -29.906, -3.144)","(517.784, 67.754, -52.829, 20.155)","(472.449, 72.008, -41.613, -4.338)","(426.161, 75.112, -31.094, 5.888)","(380.705, 76.348, -37.315, -5.127)","(336.518, 79.313, -47.075, -2.768)","(290.611, 81.028, -42.353, -3.624)","(243.837, 82.241, -38.727, 6.408)","(200.896, 80.292, -46.67, -0.384)","(154.519, 77.606, -62.724, -18.905)","(119.063, 109.193, -21.159, 53.592)","(103.452, 151.829, 1.792, 36.797)","(94.714, 196.795, -1.177, 28.886)","(91.034, 239.797, -11.447, 28.895)","(85.138, 282.127, -3.784, 30.766)","(82.175, 323.404, -11.315, 30.04)","(77.875, 360.742, -19.112, 43.383)","(54.214, 379.889, -29.543, 14.134)","(42.301, 381.745, -3.218, -14.219)"
36,"(328.207, 538.547, 44.795, 23.113)","(367.3, 547.887, 46.913, 9.531)","(402.818, 554.038, 22.644, 8.342)","(433.65, 554.652, 27.644, -15.584)","(462.174, 553.345, 33.372, -14.245)","(492.442, 550.631, 33.581, -0.03)","(522.362, 548.312, 25.154, 0.595)","(551.276, 541.232, 17.66, 2.207)","(585.397, 527.729, 52.535, -27.365)","(624.01, 517.945, 27.985, 4.301)","(662.074, 520.212, 27.385, -9.426)","(693.274, 521.777, 35.476, 1.935)","(722.454, 531.442, 23.383, 10.93)","(751.558, 540.348, 16.893, -13.161)","(778.605, 549.951, 7.23, 3.935)","(796.252, 582.366, 12.843, 31.577)","(802.198, 624.487, 11.284, 42.436)","(800.298, 656.702, -36.107, 0.754)","(761.611, 676.125, -60.461, 3.1)","(715.572, 683.74, -49.503, 8.812)","(672.792, 680.435, -48.441, 6.511)","(631.132, 676.855, -45.65, -9.197)","(591.213, 674.196, -35.999, 13.823)","(553.469, 676.208, -45.76, -1.281)","(514.963, 679.056, -25.637, -13.968)","(478.834, 679.521, -35.269, 3.212)","(444.205, 677.294, -28.84, -11.242)","(409.847, 674.891, -33.383, -9.337)","(372.668, 672.437, -38.531, -9.695)"
37,"(629.527, 227.835, 47.018, -9.874)","(663.192, 214.292, 46.177, -30.895)","(695.928, 194.444, 31.209, 4.072)","(724.832, 191.4, 31.738, 9.284)","(751.615, 195.028, 27.738, -6.437)","(776.915, 180.452, 25.988, -20.745)","(779.774, 133.245, -17.608, -32.836)","(775.763, 94.612, 8.364, -18.481)","(737.019, 92.826, -39.587, 13.56)","(696.415, 107.569, -34.544, -5.08)","(675.712, 113.884, -60.776, 1.8)","(636.413, 111.657, -56.802, 2.082)","(593.169, 112.454, -58.161, -1.233)","(575.468, 113.956, -32.309, -1.89)","(535.073, 104.56, -58.47, -2.03)","(485.54, 99.146, -57.573, 4.225)","(437.641, 99.622, -60.289, -7.248)","(388.795, 98.572, -62.797, -10.212)","(340.14, 98.626, -37.524, -8.843)","(291.909, 97.295, -37.748, 0.639)","(245.875, 95.415, -29.316, -3.31)","(204.431, 93.349, -35.068, 10.143)","(166.547, 92.708, -22.462, -25.172)","(129.774, 113.92, -26.549, 37.793)","(121.249, 156.28, -14.294, 53.345)","(117.209, 198.048, 0.983, 34.587)","(113.031, 239.859, -10.54, 46.415)","(103.891, 279.868, -9.618, 34.439)","(95.062, 318.713, -6.298, 24.25)"
38,"(308.668, 247.435, 39.669, -18.805)","(332.825, 244.694, 14.483, -7.362)","(362.393, 239.605, 39.932, -16.384)","(394.309, 237.103, 30.474, -17.188)","(421.962, 235.198, 33.704, -18.961)","(450.43, 231.398, 17.533, 12.361)","(480.588, 227.812, 34.422, 4.168)","(510.329, 226.224, 20.069, 2.485)","(540.625, 226.567, 22.899, 5.921)","(576.456, 227.112, 23.357, -12.363)","(604.754, 228.026, 38.292, -8.016)","(628.041, 223.127, 9.258, 4.035)","(649.968, 220.063, 27.029, 1.294)","(676.018, 218.612, 41.161, -8.457)","(703.285, 215.444, 38.762, -19.696)","(730.14, 203.785, 28.508, -10.763)","(747.882, 200.749, 2.694, 13.601)","(763.811, 198.493, 5.446, -5.094)","(773.722, 180.339, -12.256, -4.463)","(780.733, 155.02, 0.479, -21.833)","(786.723, 130.38, 15.225, -15.808)","(787.325, 97.283, 10.0, -44.328)","(754.616, 102.395, -47.084, 21.369)","(721.35, 98.018, -24.889, 2.482)","(687.602, 83.979, -35.565, 15.969)","(645.563, 88.182, -47.873, 0.295)","(609.333, 90.203, -30.628, 16.431)","(568.986, 102.715, -40.31, -4.741)","(545.687, 103.896, -45.491, -17.84)"
39,"(374.186, 224.079, 17.04, 21.726)","(404.739, 226.268, 20.221, -2.151)","(433.671, 220.832, 8.78, 9.803)","(456.29, 214.667, 14.343, 5.65)","(482.308, 213.478, 31.918, 10.52)","(510.033, 212.832, 42.6, 2.976)","(537.67, 212.237, 30.133, -6.086)","(563.866, 207.325, 42.969, 4.235)","(589.842, 205.298, 34.161, -12.071)","(614.782, 205.595, 35.578, 11.855)","(641.69, 208.822, 29.193, -11.94)","(669.863, 206.393, 39.9, -3.88)","(692.634, 208.128, 33.301, 9.515)","(715.424, 208.328, -0.614, -2.555)","(736.231, 203.704, 14.013, 2.661)","(762.084, 200.891, 29.507, -6.014)","(773.851, 177.033, -11.102, -37.852)","(775.566, 148.651, -12.305, -2.96)","(779.556, 112.632, 16.588, -42.522)","(760.532, 89.118, -54.628, 4.39)","(717.093, 76.256, -28.371, -20.226)","(676.617, 66.564, -40.394, -11.022)","(637.81, 66.442, -61.699, -6.735)","(600.14, 64.5, -36.128, -9.915)","(564.17, 62.537, -36.354, 13.397)","(530.649, 63.768, -58.151, -14.59)","(490.909, 62.842, -39.814, -4.411)","(453.756, 63.061, -43.177, 0.975)","(416.662, 62.092, -48.655, -14.526)"
40,"(702.185, 548.895, 40.508, -2.251)","(738.555, 555.897, 39.183, -2.876)","(768.142, 557.74, 32.924, 4.519)","(768.88, 594.827, -4.855, 60.013)","(777.467, 641.733, 14.659, 52.046)","(753.462, 659.278, -36.03, -10.104)","(711.461, 662.142, -44.081, 11.297)","(670.498, 664.522, -40.271, -0.919)","(631.133, 665.003, -53.682, 6.899)","(591.362, 666.545, -42.807, 5.366)","(550.143, 666.002, -37.109, 3.781)","(509.867, 663.482, -31.204, -2.865)","(470.049, 662.493, -24.717, 3.47)","(430.414, 659.945, -56.494, 12.175)","(388.277, 659.644, -43.406, 14.047)","(342.67, 658.904, -35.631, -9.088)","(296.88, 658.708, -55.091, 3.161)","(250.064, 659.83, -45.717, -8.989)","(202.857, 660.985, -48.593, 7.928)","(150.01, 658.04, -62.011, 13.31)","(126.582, 615.827, 0.823, -61.814)","(115.029, 567.175, -10.442, -53.451)","(99.383, 516.568, -21.418, -63.455)","(84.661, 464.925, -23.823, -59.93)","(71.766, 420.81, 3.248, -52.972)","(49.846, 384.324, -59.329, -31.044)","(None, None, None, None)","(None, None, None, None)","(None, None, None, None)"
41,"(249.798, 323.598, 44.621, -5.992)","(281.25, 312.313, 42.737, -20.938)","(312.992, 300.632, 22.311, -1.032)","(343.88, 289.806, 40.838, -18.35)","(374.735, 280.053, 22.876, -6.331)","(404.585, 271.02, 33.464, -1.503)","(435.521, 261.112, 25.561, 3.143)","(463.206, 248.51, 16.684, -5.16)","(489.35, 238.215, 21.263, -25.574)","(516.279, 230.892, 18.131, -16.132)","(543.481, 223.152, 38.286, 2.504)","(567.651, 222.059, 12.035, -3.339)","(589.227, 226.968, 23.952, 10.225)","(605.301, 232.79, 26.142, -10.94)","(623.635, 233.137, 8.911, 5.324)","(646.128, 234.613, 30.412, -5.183)","(665.433, 236.591, 17.183, -9.007)","(684.968, 241.516, 20.201, -4.608)","(704.692, 242.019, 1.193, 11.221)","(717.987, 241.512, -6.32, 8.481)","(732.977, 243.708, 27.146, 8.877)","(748.087, 236.771, 24.277, -1.374)","(768.93, 229.573, 43.518, -4.299)","(785.903, 214.811, 11.722, -29.684)","(791.822, 185.264, 13.661, -49.69)","(790.485, 155.964, -15.983, -16.619)","(791.361, 124.501, -7.528, -31.599)","(793.402, 98.205, -24.147, -42.242)","(767.498, 105.369, -26.492, -16.86)"
42,"(456.557, 200.02, 39.334, -12.51)","(492.573, 200.326, 38.185, 16.99)","(534.917, 201.164, 36.805, 9.014)","(570.422, 195.111, 20.627, -6.91)","(599.603, 194.713, 16.276, 4.72)","(622.394, 200.698, 33.892, 23.847)","(653.318, 210.592, 36.993, 9.514)","(683.864, 208.215, 16.085, -3.185)","(707.316, 200.248, 47.215, -6.775)","(731.033, 199.872, 16.533, 8.131)","(756.648, 197.676, 25.622, 13.187)","(767.231, 180.453, -9.673, -22.99)","(767.672, 144.853, 1.121, -3.684)","(775.205, 122.648, 25.291, -29.018)","(778.482, 94.207, -12.59, -24.494)","(738.799, 103.683, -31.693, 12.022)","(718.809, 113.979, -38.602, 0.773)","(718.809, 113.979, -38.602, 0.773)","(718.809, 113.979, -38.602, 0.773)","(718.809, 113.979, -38.602, 0.773)","(718.809, 113.979, -38.602, 0.773)","(718.809, 113.979, -38.602, 0.773)","(712.91, 113.868, -41.015, 1.92)","(708.799, 113.958, -35.806, 3.13)","(708.625, 113.999, -10.462, 2.45)","(708.625, 113.999, -10.462, 2.45)","(708.625, 113.999, -10.462, 2.45)","(706.405, 113.999, -80.416, 1.167)","(706.405, 113.999, -80.416, 1.167)"
43,"(484.858, 166.523, 48.385, -23.333)","(501.299, 166.026, 50.586, -0.608)","(512.34, 166.125, 38.638, 1.289)","(527.267, 166.147, 43.588, 7.574)","(553.457, 166.107, 34.49, 3.372)","(576.407, 166.283, 44.167, -7.176)","(601.506, 166.373, 22.016, -17.576)","(623.576, 166.277, 23.397, 3.283)","(629.671, 166.101, 17.778, 2.302)","(632.812, 166.226, 11.257, 2.257)","(632.812, 166.226, 11.257, 2.257)","(632.812, 166.226, 11.257, 2.257)","(637.18, 166.268, 33.269, -7.776)","(664.782, 167.295, -0.262, 2.054)","(671.411, 166.321, 13.526, 6.334)","(674.206, 166.004, 14.886, -0.829)","(681.384, 166.217, 29.299, -22.11)","(686.1, 166.212, -4.994, 7.882)","(684.353, 169.301, -13.596, 0.535)","(685.817, 185.175, 15.601, 15.377)","(696.849, 198.131, 13.052, 26.503)","(710.065, 206.478, 5.63, -3.029)","(725.212, 218.017, 18.691, 6.143)","(748.88, 220.901, 42.394, -4.654)","(765.022, 217.9, 14.024, -1.869)","(774.298, 210.31, -14.079, -12.482)","(775.511, 199.383, -12.919, -21.098)","(778.826, 197.146, 5.377, -24.671)","(782.542, 179.627, 2.083, -26.614)"
44,"(503.559, 559.473, 29.367, 10.171)","(533.531, 563.104, 24.737, 19.004)","(570.393, 568.728, 28.199, 24.84)","(604.393, 578.505, 33.68, 3.079)","(625.729, 583.818, 30.498, 0.439)","(640.883, 583.872, 29.414, -4.062)","(668.412, 583.677, 33.415, -11.053)","(687.496, 583.852, 28.7, -4.002)","(710.221, 583.703, 29.681, -1.361)","(733.739, 583.712, 7.28, -11.527)","(742.919, 580.299, 18.465, 3.055)","(755.947, 579.071, 3.328, 14.763)","(760.434, 571.997, 3.329, -4.413)","(760.465, 573.344, -7.272, 3.763)","(769.261, 568.498, 21.125, 0.008)","(777.67, 569.646, 10.522, 48.809)","(776.358, 609.979, 8.851, 13.833)","(778.224, 634.231, 7.702, 15.899)","(782.915, 655.124, 6.109, 43.771)","(747.586, 664.43, -51.999, 21.665)","(708.851, 672.732, -46.414, -13.327)","(670.02, 667.593, -42.342, -19.14)","(631.143, 656.955, -37.969, -8.315)","(596.202, 644.894, -34.726, -22.034)","(565.175, 639.645, -19.1, -13.702)","(539.677, 636.173, -15.05, 7.058)","(524.917, 636.096, -22.641, -4.506)","(511.1, 636.106, -39.778, 0.188)","(498.532, 636.02, -26.982, -11.669)"
45,"(651.417, 409.503, 25.437, -1.293)","(677.077, 392.57, 35.736, -31.116)","(701.389, 374.827, 37.884, -12.376)","(724.193, 355.506, 33.269, -25.454)","(743.555, 336.214, 4.252, -11.898)","(758.97, 318.733, -3.758, -11.664)","(775.121, 300.41, -0.454, 2.156)","(786.673, 284.103, 23.673, -11.766)","(797.954, 271.936, 21.965, -18.929)","(808.033, 257.424, 30.08, -36.027)","(816.716, 243.561, -1.613, -5.318)","(819.09, 232.906, 4.12, 3.729)","(813.468, 228.54, -0.984, 12.142)","(811.257, 220.674, 11.244, -8.917)","(804.031, 213.934, 1.55, -15.543)","(817.541, 184.207, -15.795, -30.188)","(821.669, 171.761, -13.683, -17.778)","(815.941, 168.449, -2.006, -12.441)","(803.572, 136.926, 2.058, -20.765)","(807.493, 104.199, 1.057, -48.302)","(782.843, 78.102, -32.754, -17.055)","(752.914, 60.655, -40.919, -10.838)","(720.797, 64.074, -45.505, 19.194)","(683.987, 72.759, -33.527, 4.626)","(640.749, 85.742, -38.853, 16.609)","(592.02, 90.391, -60.445, -5.507)","(552.291, 95.611, -31.325, 12.585)","(508.8, 94.169, -44.892, -11.89)","(471.287, 95.926, -44.631, -9.782)"
46,"(724.051, 403.537, 33.812, -29.858)","(748.916, 377.612, 7.821, -41.971)","(771.992, 353.881, 31.637, -13.008)","(789.524, 328.036, 31.993, -39.399)","(803.251, 307.374, 23.563, -10.093)","(810.078, 287.585, -3.316, -25.484)","(817.07, 269.583, -1.01, -9.085)","(822.856, 254.771, 0.791, -26.835)","(820.649, 239.951, -2.123, -19.612)","(816.024, 226.185, -28.919, -11.528)","(801.936, 208.906, 0.636, 0.239)","(809.37, 184.165, 5.62, -30.516)","(806.685, 153.109, 11.936, -53.673)","(810.329, 120.627, 24.382, -21.213)","(814.835, 86.667, -11.062, -18.143)","(806.839, 72.543, -1.117, 4.711)","(782.194, 54.279, -29.033, -2.257)","(744.794, 48.726, -43.6, -11.967)","(699.221, 51.195, -51.197, -4.478)","(652.966, 53.671, -37.967, 11.109)","(608.21, 56.873, -24.378, -19.5)","(568.218, 56.023, -39.317, 1.814)","(524.53, 57.782, -56.02, -1.787)","(484.156, 57.418, -46.119, 8.43)","(446.208, 58.694, -39.547, -11.172)","(411.07, 60.64, -18.821, -6.645)","(374.763, 60.881, -22.226, -10.199)","(340.005, 62.484, -18.186, 7.547)","(303.807, 64.435, -44.036, 3.278)"
47,"(338.887, 326.033, 44.226, -0.571)","(366.552, 318.146, 25.447, -10.286)","(400.041, 310.462, 19.564, -21.999)","(432.675, 305.183, 28.186, -2.427)","(462.863, 301.07, 34.898, -23.026)","(491.663, 296.842, 41.572, -16.286)","(515.671, 292.762, 22.705, 7.182)","(541.747, 288.138, 10.177, -11.264)","(564.265, 287.092, 36.443, 1.959)","(591.728, 283.424, 39.094, -8.678)","(619.615, 277.547, 30.705, -21.31)","(645.202, 273.275, 36.653, 4.733)","(671.877, 269.785, 18.35, 9.961)","(699.206, 270.153, 19.608, -8.382)","(722.328, 271.185, 2.009, -13.659)","(741.407, 266.486, 26.096, 15.972)","(763.714, 256.12, -0.131, 0.113)","(780.81, 241.791, 30.898, -26.403)","(792.985, 231.066, -4.291, -8.513)","(797.688, 215.695, -12.388, -22.64)","(806.658, 192.578, 9.984, -30.291)","(812.994, 171.279, 8.292, -24.322)","(803.803, 149.078, -10.981, -47.153)","(804.055, 113.507, -11.373, -26.742)","(790.102, 89.3, -17.311, -27.603)","(760.547, 78.116, -22.409, -2.879)","(747.864, 84.421, -20.153, 11.007)","(716.921, 85.498, -61.045, -18.247)","(675.581, 77.528, -48.097, 17.995)"
48,"(723.036, 268.3, 12.975, -19.194)","(743.76, 247.839, 21.627, -10.719)","(767.741, 226.816, 11.904, -32.511)","(788.806, 201.111, 41.38, -21.785)","(800.453, 168.968, 1.524, -43.996)","(799.681, 117.209, -10.824, -52.561)","(794.728, 78.828, -19.495, -29.336)","(762.564, 58.668, -42.064, 9.848)","(712.064, 64.403, -42.235, -14.466)","(663.792, 67.511, -37.508, -4.18)","(616.335, 70.527, -55.366, -6.504)","(569.807, 70.889, -31.705, -3.11)","(521.332, 67.759, -55.086, 11.605)","(476.148, 64.784, -55.43, 12.525)","(428.079, 67.218, -50.268, 2.566)","(381.762, 66.807, -37.474, -11.589)","(336.061, 68.231, -52.293, 18.72)","(289.08, 69.229, -59.557, -9.024)","(244.804, 70.935, -55.554, 7.244)","(199.743, 74.816, -60.597, 14.69)","(150.851, 72.899, -40.787, 0.295)","(112.185, 105.234, -35.679, 29.277)","(88.333, 147.622, -14.605, 33.844)","(73.838, 191.303, -21.882, 45.56)","(67.882, 236.13, -15.602, 45.595)","(66.765, 277.193, -6.967, 26.866)","(64.722, 314.372, 9.673, 39.498)","(67.72, 351.108, 0.031, 19.491)","(53.321, 362.437, -35.0, 6.343)"
49,"(587.434, 411.569, 12.219, -15.067)","(608.452, 401.786, 17.583, -10.965)","(632.739, 391.682, 15.267, -11.637)","(657.969, 372.057, 33.317, -4.041)","(679.288, 356.957, 20.811, -22.201)","(697.025, 344.155, 8.279, -0.675)","(717.326, 331.924, 25.97, -9.228)","(735.84, 315.694, 5.927, -25.159)","(753.97, 302.891, 9.801, -0.463)","(772.153, 294.357, 13.802, -22.29)","(786.281, 286.059, 12.036, -13.532)","(796.728, 278.97, 24.981, -18.615)","(805.331, 271.311, 11.143, -9.537)","(810.548, 261.106, 1.051, -0.123)","(808.745, 254.352, 0.182, 11.575)","(810.366, 241.949, 1.512, 5.657)","(810.981, 235.476, 11.457, 5.706)","(808.002, 231.126, -8.942, -17.489)","(800.977, 201.916, -3.718, -42.718)","(811.881, 177.656, 9.42, -21.289)","(804.804, 148.222, -2.222, -41.262)","(803.736, 115.16, -2.805, -33.721)","(792.154, 84.797, -52.166, -27.806)","(763.623, 59.942, -46.757, -7.49)","(726.331, 57.245, -22.876, -2.66)","(689.92, 61.261, -42.134, -6.87)","(652.961, 59.777, -39.517, 9.163)","(610.074, 61.739, -53.396, -2.267)","(569.905, 62.638, -36.823, -6.162)"
50,"(269.37, 372.792, 34.419, -2.399)","(301.845, 367.317, 15.291, -13.083)","(333.06, 361.092, 33.618, -7.505)","(360.944, 353.534, 32.289, -5.054)","(389.558, 344.911, 11.41, -10.774)","(416.79, 333.894, 16.824, -12.696)","(445.472, 322.224, 21.263, 3.542)","(472.907, 312.547, 33.906, -22.43)","(500.535, 301.961, 33.554, 5.73)","(528.927, 291.936, 24.831, -12.298)","(559.293, 283.214, 22.384, -10.678)","(583.72, 274.882, 14.126, -0.906)","(615.631, 268.431, 23.905, -6.667)","(648.233, 264.246, 17.738, 15.968)","(674.99, 263.234, 11.884, -16.28)","(695.709, 260.619, 13.014, -3.677)","(718.025, 257.832, 7.424, 0.989)","(738.252, 256.948, 5.569, 0.11)","(756.943, 252.247, 17.05, -20.042)","(769.565, 245.234, 18.161, -3.622)","(781.299, 235.571, 9.405, -7.06)","(791.022, 220.308, 5.373, -12.343)","(799.372, 195.127, -12.975, -40.736)","(795.123, 175.561, -13.654, -27.809)","(790.617, 149.663, -3.271, -40.312)","(794.428, 120.461, 1.247, -31.636)","(785.535, 98.581, -33.058, -15.411)","(754.172, 105.575, -12.152, -1.029)","(739.919, 113.98, -24.145, 3.224)"
51,"(383.422, 447.81, 40.595, -7.526)","(417.81, 446.276, 21.885, -8.837)","(451.013, 445.121, 34.722, -9.625)","(484.771, 445.27, 34.304, 5.151)","(517.809, 447.256, 35.128, 1.301)","(543.704, 449.095, 49.102, -3.79)","(574.646, 451.82, 16.853, -1.233)","(603.665, 454.066, 32.425, 8.614)","(630.53, 458.045, 26.523, -10.86)","(652.827, 464.765, 16.884, 12.887)","(678.116, 471.288, 38.391, 22.546)","(703.818, 477.666, 17.482, 11.13)","(725.731, 487.835, 12.715, 11.782)","(741.557, 503.16, 7.764, -2.094)","(760.982, 515.847, 7.174, 16.277)","(779.819, 531.511, 28.933, 27.173)","(791.441, 567.947, -1.014, 60.78)","(797.045, 608.509, -6.882, 15.522)","(806.092, 636.579, 14.476, 24.317)","(802.558, 659.189, -37.233, -11.906)","(759.362, 669.384, -42.424, 15.256)","(715.598, 683.111, -53.548, 5.705)","(669.62, 682.227, -46.437, 8.941)","(628.851, 679.799, -28.825, -16.944)","(593.257, 678.38, -41.195, 15.691)","(555.551, 682.051, -49.87, 13.894)","(515.915, 685.357, -37.161, 11.856)","(473.134, 684.463, -42.018, 12.24)","(431.946, 681.344, -29.322, 10.776)"
52,"(549.717, 571.002, 46.922, 9.767)","(595.797, 580.355, 54.347, 25.216)","(629.612, 583.84, 38.186, -3.522)","(643.328, 583.827, 35.349, -4.885)","(662.661, 583.92, 54.348, -0.505)","(699.466, 583.916, 47.639, 2.835)","(726.91, 583.589, 21.315, -12.634)","(750.451, 583.706, 9.32, -3.685)","(761.977, 578.234, 14.958, -24.354)","(781.411, 577.077, 4.809, 16.176)","(783.212, 589.725, -16.772, 22.668)","(778.952, 631.36, -8.652, 41.518)","(764.626, 657.997, -37.667, 17.003)","(724.77, 660.198, -53.876, -0.949)","(691.939, 658.558, -38.098, -13.976)","(658.439, 655.146, -27.55, -19.206)","(626.349, 647.265, -24.873, -19.094)","(588.865, 639.662, -30.948, -1.114)","(559.546, 636.242, -40.241, -12.021)","(529.643, 636.191, -45.281, -4.601)","(499.458, 636.551, -49.681, 7.442)","(464.901, 636.464, -36.67, 9.865)","(429.172, 636.895, -48.822, 9.853)","(395.147, 636.526, -46.188, 6.555)","(351.263, 636.769, -38.629, -11.047)","(306.856, 640.475, -47.163, 14.942)","(266.103, 646.841, -41.076, 7.244)","(228.299, 655.418, -39.822, 22.013)","(190.577, 660.014, -48.158, -1.441)"
53,"(516.164, 500.514, 26.015, -1.791)","(541.167, 496.747, 22.713, -3.192)","(569.999, 494.624, 28.737, -6.218)","(598.644, 491.736, 23.514, 5.182)","(624.191, 496.337, 20.109, 1.27)","(641.303, 502.81, 16.292, 11.729)","(663.427, 513.335, 24.76, 17.54)","(688.431, 524.092, 27.465, 12.136)","(707.868, 531.167, 23.322, -5.083)","(734.892, 538.632, 29.387, 1.105)","(761.053, 546.23, 26.117, 6.338)","(778.002, 573.059, 14.534, 39.524)","(778.521, 614.105, -8.483, 25.921)","(769.93, 637.664, -11.622, 16.173)","(757.064, 652.413, -12.34, 5.738)","(742.483, 649.264, -17.698, -18.831)","(740.05, 636.065, -1.734, -6.092)","(740.877, 636.008, 8.47, 0.357)","(743.871, 636.055, -1.88, -4.717)","(742.425, 636.013, 0.652, -6.84)","(741.454, 636.476, 0.191, -3.073)","(735.723, 636.012, -2.298, -3.918)","(736.395, 636.388, -0.822, 4.799)","(736.313, 640.403, -11.92, -2.263)","(728.952, 636.037, 13.29, -18.292)","(751.276, 642.092, 8.584, 21.047)","(766.82, 657.434, 11.712, 17.562)","(743.606, 662.016, -36.711, 1.716)","(704.387, 652.244, -50.433, -26.838)"
54,"(456.191, 238.527, 18.226, 3.321)","(480.048, 240.476, 32.802, 5.989)","(507.174, 239.714, 29.607, -0.524)","(534.512, 235.564, 30.297, -4.97)","(561.517, 230.389, 24.252, -6.375)","(585.807, 227.232, 25.774, -3.953)","(606.327, 221.485, 23.625, -9.112)","(635.668, 212.44, 26.711, -8.594)","(665.0, 205.093, 31.111, -8.325)","(684.505, 193.114, 19.507, -15.453)","(700.463, 177.25, 9.587, -21.408)","(705.85, 166.052, 9.817, -23.663)","(705.85, 166.052, 9.817, -23.663)","(705.85, 166.052, 9.817, -23.663)","(705.85, 166.052, 9.817, -23.663)","(706.829, 166.006, 58.722, -2.772)","(706.829, 166.006, 58.722, -2.772)","(706.829, 166.006, 58.722, -2.772)","(706.829, 166.006, 58.722, -2.772)","(706.829, 166.006, 58.722, -2.772)","(711.323, 166.917, 6.801, 7.352)","(716.037, 171.278, 4.123, 5.743)","(714.865, 173.16, -4.841, 0.095)","(712.658, 177.498, -1.984, 11.505)","(714.648, 187.211, -0.473, 9.787)","(717.776, 188.657, 0.941, -0.856)","(730.383, 193.807, 16.016, 15.137)","(744.792, 198.785, 8.45, 6.382)","(765.956, 206.88, 2.43, 9.227)"
55,"(614.506, 534.188, 45.237, 5.803)","(651.801, 539.712, 32.349, 2.529)","(683.651, 545.306, 34.315, 9.279)","(710.434, 548.101, 22.754, 2.28)","(737.245, 552.956, 28.346, 2.93)","(762.43, 555.515, 25.037, 3.516)","(777.218, 579.726, 8.244, 38.327)","(785.584, 615.449, 14.51, 30.495)","(794.818, 649.23, 7.035, 36.211)","(788.759, 663.533, -6.515, 4.295)","(774.176, 669.983, -22.732, 11.4)","(743.482, 683.547, -36.261, 12.038)","(706.971, 687.179, -30.996, 3.548)","(682.188, 686.725, -23.089, -0.78)","(657.836, 683.048, -23.904, -5.858)","(631.005, 681.852, -24.113, 1.133)","(604.002, 681.709, -28.458, -1.692)","(572.901, 681.723, -32.152, 3.703)","(543.909, 681.37, -31.996, -3.356)","(513.208, 680.283, -32.78, 3.352)","(482.008, 679.407, -30.49, 0.201)","(451.38, 679.95, -33.649, -1.422)","(421.358, 680.523, -26.554, -2.11)","(392.919, 681.403, -26.215, 4.287)","(366.259, 682.314, -26.8, 1.005)","(340.824, 681.321, -27.18, -3.741)","(310.653, 679.868, -47.079, 0.526)","(268.995, 679.04, -37.36, -17.477)","(231.262, 676.45, -23.557, -15.39)"
56,"(553.806, 506.795, 28.46, -11.314)","(581.608, 502.945, 28.485, -5.202)","(610.506, 500.514, 26.948, -2.237)","(639.447, 499.114, 28.152, 1.84)","(663.841, 505.76, 32.771, 2.384)","(693.156, 509.296, 33.434, 8.449)","(711.001, 517.171, 7.086, -5.793)","(731.893, 511.683, 30.369, -0.44)","(757.704, 522.222, 10.954, 10.3)","(780.272, 532.139, 21.069, 16.022)","(797.399, 545.444, 15.823, 10.997)","(809.326, 565.724, 6.203, 9.57)","(804.714, 589.693, -13.389, 39.483)","(806.886, 632.247, 9.947, 46.447)","(817.919, 663.493, 8.975, 20.918)","(818.106, 673.853, -0.5, 6.554)","(814.096, 680.592, -6.235, 1.815)","(808.553, 683.037, -7.027, 5.373)","(810.078, 683.242, -0.539, -2.5)","(804.915, 685.02, -1.058, 2.882)","(806.494, 683.947, 1.196, -5.557)","(806.269, 678.982, -6.256, 0.495)","(796.778, 688.796, -12.199, 11.958)","(775.149, 695.913, -28.155, -2.679)","(747.689, 691.602, -27.302, -3.263)","(719.215, 685.824, -34.929, -7.087)","(688.561, 677.109, -30.442, -11.399)","(660.503, 669.699, -33.048, -7.45)","(629.867, 663.875, -31.857, -5.514)"
57,"(689.002, 297.498, 21.036, -25.854)","(708.487, 280.7, 15.266, -19.23)","(729.814, 267.688, 21.272, -10.74)","(750.102, 250.255, 17.519, -11.735)","(763.191, 229.621, 11.419, -36.193)","(776.416, 204.885, 5.894, -38.371)","(787.057, 172.655, 0.707, -53.229)","(780.558, 129.084, -10.418, -44.7)","(775.257, 95.113, -30.983, -27.411)","(759.318, 78.262, -4.365, -20.399)","(763.953, 63.87, -6.45, 3.462)","(746.237, 70.825, -25.661, 21.009)","(733.538, 77.603, -3.285, -11.243)","(729.105, 74.079, -11.82, -2.241)","(727.507, 78.972, -5.688, 0.811)","(715.323, 78.143, -20.904, -5.962)","(694.687, 80.956, -13.974, 18.678)","(690.481, 96.275, -10.668, 23.52)","(686.349, 113.746, -6.46, 24.611)","(686.349, 113.746, -6.46, 24.611)","(686.349, 113.746, -6.46, 24.611)","(686.569, 113.997, 13.176, 15.06)","(686.569, 113.997, 13.176, 15.06)","(686.569, 113.997, 13.176, 15.06)","(686.569, 113.997, 13.176, 15.06)","(686.569, 113.997, 13.176, 15.06)","(686.569, 113.997, 13.176, 15.06)","(680.756, 113.813, -18.685, -1.131)","(678.665, 113.998, -13.299, 1.824)"
58,"(687.228, 492.421, 20.606, -0.066)","(707.101, 495.515, 19.709, 6.089)","(727.856, 499.66, 22.117, 6.664)","(748.86, 505.613, 20.102, 9.845)","(772.411, 515.875, 23.085, 13.858)","(792.252, 528.84, 14.42, 16.534)","(808.925, 544.365, 11.78, 19.984)","(822.375, 559.512, 14.207, 11.756)","(832.534, 567.537, 7.338, 9.593)","(841.495, 575.316, 13.775, 8.508)","(847.515, 583.882, 5.382, 12.723)","(847.508, 583.994, -0.452, 6.72)","(847.508, 583.994, -0.452, 6.72)","(847.508, 583.994, -0.452, 6.72)","(847.508, 583.994, -0.452, 6.72)","(847.508, 583.994, -0.452, 6.72)","(847.508, 583.994, -0.452, 6.72)","(847.508, 583.994, -0.452, 6.72)","(847.508, 583.994, -0.452, 6.72)","(847.508, 583.994, -0.452, 6.72)","(847.508, 583.994, -0.452, 6.72)","(847.508, 583.994, -0.452, 6.72)","(847.508, 583.994, -0.452, 6.72)","(847.508, 583.994, -0.452, 6.72)","(847.508, 583.994, -0.452, 6.72)","(847.508, 583.994, -0.452, 6.72)","(847.508, 583.994, -0.452, 6.72)","(847.508, 583.994, -0.452, 6.72)","(847.508, 583.994, -0.452, 6.72)"
59,"(758.556, 283.158, 32.55, -28.569)","(790.434, 256.804, 26.955, -26.788)","(811.446, 232.354, 16.878, -21.916)","(823.583, 217.675, 9.519, -10.886)","(830.333, 209.255, 5.866, 1.191)","(831.022, 201.315, -3.894, -6.549)","(832.977, 201.886, 1.77, 0.532)","(836.722, 201.859, 0.77, 8.403)","(836.02, 204.187, -4.655, 5.056)","(834.953, 202.56, -0.794, 6.462)","(834.401, 207.198, 1.131, 3.588)","(835.184, 207.147, 2.844, 2.564)","(837.882, 207.462, 7.822, -9.028)","(837.995, 208.826, 0.64, 5.352)","(837.436, 210.858, -2.627, -3.204)","(836.784, 213.506, -10.209, 6.183)","(834.132, 213.722, -0.46, -2.388)","(832.305, 212.658, -0.435, 6.604)","(833.38, 216.461, -1.041, 9.437)","(831.52, 215.53, -4.77, -2.019)","(829.848, 214.115, -0.548, -3.279)","(825.827, 211.5, 0.808, -6.775)","(824.45, 211.223, -4.942, -3.568)","(819.473, 208.89, -7.245, -5.57)","(815.412, 208.025, -7.27, -0.591)","(811.336, 200.473, 11.511, -25.556)","(818.461, 183.751, 4.202, -9.328)","(826.189, 176.222, 9.926, -14.626)","(832.452, 166.12, 5.829, -17.218)"
60,"(595.029, 246.99, 27.295, -21.155)","(618.881, 232.022, 36.718, -9.218)","(649.921, 227.258, 26.082, -0.494)","(673.233, 222.801, 29.389, -15.233)","(694.763, 217.659, 10.556, 4.532)","(707.96, 216.542, 17.5, -5.563)","(721.466, 216.8, -5.134, 6.435)","(733.737, 211.018, 15.3, -0.543)","(744.837, 219.88, 7.62, 10.22)","(766.142, 219.645, 9.986, -15.855)","(778.361, 213.912, -0.466, -10.051)","(796.321, 207.019, 35.025, -15.334)","(810.582, 190.552, 2.285, -32.473)","(813.408, 182.028, -1.753, 4.702)","(815.609, 170.656, -0.126, -13.233)","(805.035, 135.345, -3.279, -39.005)","(813.596, 99.334, 20.809, -37.944)","(820.226, 73.895, 0.617, -10.069)","(816.507, 63.018, -4.445, -12.369)","(822.639, 62.889, 5.363, 8.691)","(824.465, 66.233, -0.447, 2.231)","(825.395, 66.019, 0.723, -0.637)","(826.062, 66.65, 1.327, 2.509)","(826.411, 66.577, -1.271, 2.542)","(827.53, 67.415, -4.205, 2.197)","(826.722, 66.79, 0.918, -2.393)","(828.009, 67.336, -0.262, 6.74)","(821.933, 70.809, -6.004, 1.194)","(814.266, 73.079, -7.4, -0.467)"
61,"(587.17, 475.61, 29.703, -4.094)","(616.836, 472.92, 32.082, -0.704)","(648.057, 471.982, 32.034, 0.251)","(678.091, 471.745, 26.772, 3.782)","(708.845, 477.862, 27.985, 9.807)","(738.35, 483.992, 32.768, 3.601)","(767.547, 485.937, 23.712, -4.114)","(783.159, 488.227, 13.382, 7.759)","(798.881, 496.78, 16.164, 6.591)","(810.425, 501.215, 10.472, 5.643)","(816.794, 502.143, 5.074, -1.205)","(819.558, 504.001, 2.994, 7.865)","(819.768, 508.963, -2.608, 7.51)","(819.074, 517.244, 1.596, 10.831)","(819.088, 525.97, -3.192, 9.003)","(819.596, 532.701, 3.233, 5.012)","(815.264, 535.631, -6.575, -0.074)","(807.327, 538.421, -9.651, 1.042)","(809.515, 550.578, 5.644, 18.183)","(811.369, 567.735, -1.825, 14.671)","(807.5, 578.352, -3.546, 6.887)","(800.654, 582.682, -11.375, 5.29)","(793.333, 599.167, -4.747, 17.419)","(792.92, 614.794, 8.606, 11.869)","(793.319, 633.862, -1.666, 24.692)","(800.05, 653.268, 5.125, 19.773)","(801.533, 664.25, 2.85, 13.244)","(799.197, 677.162, -13.936, 9.629)","(780.159, 685.801, -26.568, 4.569)"
62,"(774.442, 235.766, 42.141, -33.097)","(805.113, 200.799, 23.74, -37.721)","(822.813, 162.725, 8.015, -41.222)","(823.904, 158.087, 5.727, -40.11)","(823.904, 158.087, 5.727, -40.11)","(823.904, 158.087, 5.727, -40.11)","(823.904, 158.087, 5.727, -40.11)","(823.904, 158.087, 5.727, -40.11)","(823.904, 158.087, 5.727, -40.11)","(823.904, 158.087, 5.727, -40.11)","(823.904, 158.087, 5.727, -40.11)","(823.904, 158.087, 5.727, -40.11)","(823.904, 158.087, 5.727, -40.11)","(823.904, 158.087, 5.727, -40.11)","(823.904, 158.087, 5.727, -40.11)","(823.904, 158.087, 5.727, -40.11)","(823.904, 158.087, 5.727, -40.11)","(823.904, 158.087, 5.727, -40.11)","(823.904, 158.087, 5.727, -40.11)","(823.904, 158.087, 5.727, -40.11)","(823.904, 158.087, 5.727, -40.11)","(823.904, 158.087, 5.727, -40.11)","(823.904, 158.087, 5.727, -40.11)","(823.904, 158.087, 5.727, -40.11)","(823.904, 158.087, 5.727, -40.11)","(823.904, 158.087, 5.727, -40.11)","(823.987, 157.771, 4.974, -18.961)","(823.008, 145.222, -5.703, -29.043)","(806.366, 122.503, -23.292, -31.07)"
63,"(515.219, 349.784, 10.55, -26.482)","(532.327, 330.301, 12.151, -15.006)","(547.864, 321.705, 17.81, -11.286)","(566.318, 312.35, 19.326, -10.023)","(587.222, 304.305, 15.508, -9.509)","(604.398, 300.087, 16.244, 0.301)","(621.994, 303.503, 15.813, 4.987)","(635.479, 301.334, 16.584, -1.287)","(658.459, 300.921, 31.059, 5.463)","(682.564, 301.565, 24.066, 1.685)","(705.096, 297.838, 24.74, -6.714)","(728.48, 295.098, 25.488, 1.308)","(749.215, 297.564, 12.745, 5.317)","(762.427, 296.354, 10.912, -3.461)","(774.378, 293.557, 16.601, -8.263)","(786.708, 289.99, 13.641, -6.208)","(797.732, 286.928, 9.471, 0.193)","(805.418, 282.503, 5.33, -3.746)","(811.841, 276.027, 2.75, -10.305)","(814.82, 269.675, -1.002, -6.661)","(815.995, 264.498, 2.043, -6.523)","(817.35, 259.194, 1.836, -6.018)","(817.128, 255.075, 0.171, -1.319)","(818.119, 251.908, 4.219, -5.728)","(819.395, 248.357, -1.182, -3.484)","(820.948, 243.906, 2.988, -6.746)","(819.048, 237.001, -3.201, -9.787)","(817.282, 230.834, -3.408, -2.381)","(815.29, 223.29, -1.411, -7.531)"
64,"(717.717, 207.911, 38.644, -18.425)","(753.817, 191.455, 36.002, -16.319)","(778.448, 177.318, 13.582, -12.846)","(783.417, 162.361, 0.758, -27.014)","(768.712, 133.456, -26.121, -14.321)","(756.089, 129.527, -20.118, -9.353)","(756.089, 129.527, -20.118, -9.353)","(756.089, 129.527, -20.118, -9.353)","(756.089, 129.527, -20.118, -9.353)","(756.089, 129.527, -20.118, -9.353)","(756.089, 129.527, -20.118, -9.353)","(756.089, 129.527, -20.118, -9.353)","(756.089, 129.527, -20.118, -9.353)","(756.089, 129.527, -20.118, -9.353)","(756.089, 129.527, -20.118, -9.353)","(756.089, 129.527, -20.118, -9.353)","(756.089, 129.527, -20.118, -9.353)","(756.021, 129.764, -4.074, 14.231)","(756.159, 131.468, 4.722, 26.405)","(756.105, 132.076, -3.456, 16.168)","(756.005, 132.36, -5.983, 17.057)","(756.183, 133.483, 1.074, 19.02)","(756.005, 134.301, -10.714, 49.08)","(756.005, 134.301, -10.714, 49.08)","(756.005, 134.301, -10.714, 49.08)","(756.005, 134.301, -10.714, 49.08)","(756.015, 139.331, -4.638, 32.183)","(759.806, 151.124, -0.22, 4.568)","(757.78, 156.543, -8.474, 6.657)"
65,"(552.988, 267.655, 30.263, 6.206)","(582.782, 264.122, 32.798, -12.041)","(612.128, 256.294, 25.085, -5.623)","(635.533, 250.716, 34.669, -6.075)","(662.992, 248.435, 20.868, 11.08)","(683.157, 249.913, 20.449, 7.119)","(696.429, 249.451, 1.928, -1.155)","(712.808, 246.161, 12.012, -3.863)","(724.788, 241.824, 7.209, 1.635)","(736.88, 237.95, 11.745, -7.129)","(745.12, 235.993, -1.449, 1.494)","(755.967, 235.082, 1.945, 1.799)","(767.097, 222.157, 17.568, -15.351)","(776.387, 206.156, 12.966, -5.608)","(784.675, 172.142, 2.762, -27.74)","(776.199, 140.029, -8.392, -38.998)","(779.746, 103.911, -6.034, -28.912)","(752.803, 95.216, -40.873, 26.541)","(726.677, 97.257, -13.433, -6.81)","(701.998, 85.333, -20.271, 8.077)","(665.188, 88.509, -43.363, 13.799)","(634.002, 107.919, -19.368, 18.612)","(629.298, 113.804, -11.506, 22.166)","(629.298, 113.804, -11.506, 22.166)","(629.298, 113.804, -11.506, 22.166)","(629.298, 113.804, -11.506, 22.166)","(629.298, 113.804, -11.506, 22.166)","(629.298, 113.804, -11.506, 22.166)","(629.298, 113.804, -11.506, 22.166)"
66,"(603.558, 187.927, 31.411, -18.237)","(637.331, 169.556, 29.939, -21.429)","(644.878, 166.021, 39.908, -16.947)","(644.878, 166.021, 39.908, -16.947)","(644.878, 166.021, 39.908, -16.947)","(644.878, 166.021, 39.908, -16.947)","(644.878, 166.021, 39.908, -16.947)","(644.878, 166.021, 39.908, -16.947)","(644.878, 166.021, 39.908, -16.947)","(644.878, 166.021, 39.908, -16.947)","(644.878, 166.021, 39.908, -16.947)","(644.878, 166.021, 39.908, -16.947)","(660.757, 167.21, 43.232, 4.151)","(679.906, 166.011, 30.004, -2.376)","(690.847, 166.005, 16.244, -0.045)","(697.203, 177.283, 12.933, 25.615)","(713.539, 191.52, 7.799, 7.026)","(722.016, 193.26, 5.732, -1.095)","(738.711, 191.677, 10.369, 8.002)","(751.499, 191.024, 15.532, 3.458)","(765.123, 200.2, 24.351, -1.023)","(782.051, 186.519, 14.651, -5.819)","(785.303, 159.941, -8.676, -12.12)","(790.031, 135.885, 15.827, -30.932)","(803.988, 111.028, 11.655, -16.659)","(808.27, 91.937, -6.665, -20.498)","(788.851, 71.643, -21.062, -27.659)","(770.249, 61.37, -15.312, -3.995)","(760.51, 54.225, -10.962, -3.542)"
67,"(327.813, 495.976, 27.217, 9.253)","(350.152, 503.529, 21.132, 11.071)","(376.153, 507.627, 27.139, 0.212)","(403.569, 509.394, 25.731, 0.84)","(431.887, 510.624, 30.261, 0.354)","(458.718, 511.619, 26.257, -0.017)","(486.921, 513.663, 30.15, 0.161)","(516.441, 514.84, 27.447, -1.668)","(542.204, 509.982, 25.326, -6.407)","(568.958, 505.62, 24.97, -9.86)","(598.732, 503.399, 33.781, -3.606)","(631.153, 498.606, 36.346, -4.448)","(659.181, 495.13, 23.423, -8.093)","(680.757, 490.179, 16.567, -8.491)","(703.956, 487.606, 17.973, -6.328)","(723.816, 486.393, 19.372, 4.666)","(739.849, 490.22, 12.056, 7.236)","(751.632, 494.663, 11.92, 4.864)","(759.295, 496.396, 5.676, -1.884)","(763.941, 502.841, 4.621, 8.989)","(771.159, 514.235, 5.462, 11.976)","(778.14, 526.035, 10.374, 12.72)","(785.099, 538.916, 3.914, 15.336)","(792.405, 553.704, 4.816, 17.902)","(795.374, 579.071, -3.241, 33.243)","(793.338, 605.789, 0.282, 21.353)","(795.897, 626.08, 6.563, 13.215)","(800.094, 641.185, 3.401, 17.489)","(799.796, 655.754, -7.881, 0.361)"
68,"(751.82, 525.2, 34.375, 11.17)","(779.166, 538.606, 12.743, 20.889)","(796.895, 558.894, 17.296, 25.173)","(804.214, 577.616, -0.411, 14.084)","(798.916, 594.66, -5.281, 21.041)","(796.549, 620.088, 3.616, 27.445)","(796.687, 649.45, -0.963, 27.862)","(778.677, 660.93, -22.077, 10.785)","(749.117, 671.742, -31.326, 7.526)","(714.842, 674.983, -36.298, 0.549)","(681.098, 680.563, -32.142, 7.787)","(656.648, 682.043, -22.323, 0.353)","(634.959, 676.466, -27.59, -5.466)","(607.404, 673.108, -32.619, -1.259)","(574.373, 672.582, -36.541, 0.525)","(540.619, 671.709, -32.982, 0.465)","(507.336, 671.778, -33.036, 1.068)","(473.609, 672.589, -33.712, 0.478)","(443.09, 674.627, -27.844, 3.246)","(413.073, 677.452, -31.182, -0.937)","(384.043, 678.554, -28.796, 5.18)","(359.286, 679.126, -23.585, -1.608)","(338.826, 675.457, -21.229, -4.543)","(314.418, 670.887, -28.88, -7.474)","(286.857, 667.174, -30.916, -2.728)","(254.593, 665.931, -31.855, 1.267)","(220.624, 667.155, -37.093, -1.031)","(185.933, 664.667, -33.408, -3.098)","(148.597, 659.391, -37.772, -2.745)"
69,"(406.404, 263.156, 20.096, -2.186)","(432.599, 264.177, 28.833, -3.99)","(464.412, 262.062, 34.25, -3.864)","(494.61, 258.374, 27.573, -3.652)","(518.768, 257.465, 26.096, -2.074)","(541.042, 259.4, 26.544, 1.936)","(566.409, 265.0, 33.585, 5.546)","(592.808, 266.822, 16.161, 5.257)","(614.626, 266.438, 24.877, -3.218)","(641.047, 264.178, 18.539, -5.448)","(658.319, 258.388, 17.117, -6.8)","(676.091, 249.207, 14.505, -9.108)","(691.493, 236.451, 25.604, 6.186)","(710.117, 237.259, 22.991, 3.489)","(726.467, 240.065, 15.578, 1.295)","(731.767, 234.878, 10.674, -9.987)","(742.306, 228.241, 1.645, -8.046)","(760.982, 221.325, 24.636, -6.856)","(767.653, 214.705, 14.451, -10.41)","(782.165, 186.499, 3.937, -56.234)","(781.084, 164.132, -3.261, -17.668)","(784.646, 139.041, 3.405, -25.493)","(792.903, 105.047, 6.244, -38.927)","(794.108, 84.283, -8.209, -31.111)","(776.906, 59.58, -5.173, -13.075)","(760.841, 49.877, -21.617, -3.619)","(741.113, 49.767, -22.692, 0.407)","(702.211, 52.31, -41.01, 10.378)","(670.56, 53.398, -27.027, -0.74)"
70,"(562.41, 541.076, 31.644, -4.268)","(591.66, 538.968, 23.194, -0.438)","(622.398, 539.526, 39.734, -2.69)","(653.837, 540.381, 30.073, 4.61)","(684.976, 541.645, 34.843, -1.184)","(718.52, 541.997, 34.185, -3.65)","(754.344, 542.517, 38.169, -3.055)","(786.662, 553.583, 22.44, 7.208)","(797.412, 553.151, 12.105, 14.52)","(808.647, 568.78, 11.649, 16.356)","(808.594, 591.446, -4.825, 32.022)","(809.209, 625.886, 4.421, 31.794)","(810.243, 656.793, -7.765, 28.831)","(798.363, 675.345, -17.843, 20.89)","(774.138, 689.079, -27.692, 8.493)","(737.913, 692.991, -44.037, 1.149)","(700.855, 692.565, -32.271, -2.13)","(666.231, 688.681, -36.379, -6.425)","(631.74, 685.256, -36.861, 2.012)","(596.852, 686.134, -34.298, 0.314)","(565.028, 687.022, -31.397, 3.696)","(535.603, 685.601, -27.755, -0.436)","(504.705, 683.603, -28.969, -1.667)","(471.713, 680.87, -32.813, -5.75)","(437.507, 675.832, -37.669, -3.68)","(403.148, 671.656, -32.565, -0.482)","(370.169, 667.916, -31.326, -5.789)","(339.664, 660.37, -31.659, -17.171)","(314.213, 645.831, -23.71, -16.056)"
71,"(614.343, 381.052, 20.126, -23.623)","(636.95, 363.679, 18.503, -18.37)","(658.383, 348.336, 26.082, -16.357)","(676.829, 332.505, 21.812, -21.07)","(697.327, 316.451, 21.725, -21.506)","(717.245, 300.026, 8.45, -2.938)","(734.024, 286.932, 20.331, -21.064)","(750.538, 273.58, 23.28, -21.286)","(764.754, 261.926, 4.839, -0.04)","(780.561, 250.557, 6.242, -3.855)","(790.035, 248.56, 10.488, -6.01)","(791.366, 245.599, -3.089, -16.253)","(792.737, 231.507, -0.712, -7.506)","(793.774, 217.306, 10.523, -19.416)","(798.098, 195.316, 5.132, -24.295)","(799.676, 165.172, -15.876, -25.793)","(803.3, 136.513, -4.039, -43.989)","(808.154, 115.237, 8.48, -13.381)","(809.167, 85.794, -19.377, -29.398)","(779.728, 59.584, -34.696, -14.706)","(753.921, 53.376, -23.766, -1.943)","(723.256, 55.255, -34.564, -0.014)","(692.73, 56.354, -29.182, -5.65)","(661.763, 56.017, -31.728, 5.555)","(627.38, 56.148, -32.497, 2.359)","(592.607, 58.618, -33.389, 1.538)","(559.735, 60.797, -37.237, 1.494)","(527.433, 62.145, -28.455, 2.104)","(492.757, 63.305, -43.782, 2.314)"
72,"(415.587, 194.59, 21.741, 6.331)","(440.454, 197.093, 23.878, 3.468)","(470.162, 197.628, 33.253, 0.624)","(498.77, 203.288, 25.214, 12.269)","(525.916, 207.681, 21.625, 12.528)","(550.971, 209.621, 27.426, -10.133)","(575.676, 212.355, 34.208, 0.066)","(603.693, 213.027, 30.087, 3.126)","(631.309, 213.656, 22.749, -10.389)","(658.249, 210.47, 22.218, -12.712)","(678.045, 195.25, 7.481, -15.038)","(690.93, 186.498, 10.134, -4.452)","(701.625, 185.19, 26.291, 5.554)","(719.432, 186.751, 13.947, -5.416)","(734.182, 177.498, 13.364, -15.133)","(744.491, 167.197, -2.608, -7.49)","(745.306, 166.593, 8.584, 4.207)","(746.828, 167.427, -7.838, -12.325)","(744.094, 166.485, 7.362, -8.173)","(746.537, 167.909, -17.337, 3.249)","(749.121, 172.692, 2.684, 13.673)","(753.015, 170.545, 12.072, 6.108)","(755.606, 178.883, -4.305, 7.536)","(754.12, 187.353, -8.096, -1.421)","(760.146, 182.625, 4.768, 0.752)","(765.123, 185.057, 5.148, -6.586)","(774.039, 179.163, 18.065, -6.913)","(789.145, 179.22, 23.583, 0.624)","(798.024, 158.841, 6.533, -28.408)"
73,"(392.452, 542.366, 23.117, 16.173)","(413.629, 552.959, 25.319, 8.767)","(438.154, 557.082, 23.694, 3.987)","(466.797, 559.503, 28.235, 4.368)","(494.988, 561.251, 27.142, -1.836)","(522.274, 561.537, 28.69, 2.404)","(549.034, 562.634, 27.264, -2.825)","(572.764, 563.817, 21.948, 1.136)","(587.718, 563.285, 20.713, -8.155)","(613.941, 554.666, 25.578, -7.158)","(640.777, 554.239, 26.136, -1.841)","(662.054, 556.972, 21.395, 7.678)","(683.287, 556.117, 29.101, -5.378)","(709.718, 548.835, 24.592, -1.143)","(731.257, 550.371, 11.506, 6.546)","(743.305, 566.083, 8.142, 14.925)","(748.064, 567.213, 4.124, -5.829)","(757.733, 566.885, 3.628, 4.497)","(771.208, 561.627, 14.624, -2.595)","(772.654, 591.073, 2.083, 38.426)","(773.144, 618.79, 3.565, 26.73)","(790.995, 642.019, 20.183, 22.868)","(791.859, 657.747, -5.466, 14.386)","(795.582, 669.232, 6.055, 4.109)","(793.916, 672.255, -9.006, 10.128)","(779.152, 683.256, -23.351, 10.63)","(753.208, 689.84, -34.951, 3.072)","(717.6, 685.933, -32.135, -1.149)","(685.813, 685.321, -29.091, -3.841)"
74,"(441.318, 559.801, 19.675, 6.989)","(464.648, 562.566, 24.66, 6.791)","(490.634, 564.716, 24.727, 3.142)","(521.52, 566.393, 34.044, 1.397)","(551.589, 567.88, 27.433, 2.085)","(578.696, 573.224, 26.545, 13.009)","(597.512, 583.983, 27.665, 10.296)","(597.512, 583.983, 27.665, 10.296)","(597.512, 583.983, 27.665, 10.296)","(597.512, 583.983, 27.665, 10.296)","(597.512, 583.983, 27.665, 10.296)","(597.512, 583.983, 27.665, 10.296)","(603.64, 583.954, 18.789, -0.933)","(611.566, 583.946, 7.564, -0.375)","(622.108, 579.339, 13.042, -5.676)","(635.714, 572.58, 14.88, -3.883)","(648.116, 566.152, 14.526, -2.368)","(659.877, 560.304, 15.81, -6.961)","(673.639, 557.262, 14.038, 0.071)","(683.428, 556.862, 10.974, 1.079)","(691.295, 558.851, 9.46, -0.14)","(699.519, 560.367, 10.456, 3.583)","(708.146, 560.196, 9.756, -3.223)","(715.509, 559.288, 7.06, 1.707)","(721.851, 557.818, 9.073, -1.85)","(726.484, 554.258, 1.596, -0.255)","(732.299, 552.233, 5.885, -1.141)","(740.449, 551.561, 6.38, -1.865)","(748.498, 550.424, 6.238, 0.108)"
75,"(550.654, 310.432, 5.864, -18.132)","(566.926, 305.898, 9.492, -11.842)","(589.342, 298.227, 22.877, -6.446)","(613.505, 288.952, 22.193, -7.289)","(633.442, 281.597, 13.51, -7.66)","(648.02, 274.882, 15.466, -5.892)","(661.12, 272.31, 16.839, 7.722)","(676.648, 273.01, 21.644, -3.025)","(691.921, 271.451, 10.334, 1.442)","(708.75, 263.852, 10.668, -11.235)","(717.954, 256.916, 4.188, -5.73)","(723.682, 251.32, 6.454, -3.329)","(732.549, 244.485, 21.902, -14.459)","(746.854, 228.777, 9.819, -19.317)","(755.331, 225.134, -2.911, -0.839)","(766.467, 221.387, 16.149, -9.374)","(776.658, 212.205, -9.419, -13.504)","(781.07, 184.113, -11.616, -32.631)","(776.432, 150.243, -7.426, -25.765)","(776.453, 119.572, 8.43, -46.585)","(772.946, 104.082, -10.805, -10.258)","(760.335, 92.22, -10.968, 1.937)","(750.758, 88.328, 1.376, -13.079)","(756.556, 87.385, -5.4, 2.551)","(743.535, 89.606, -6.872, -12.734)","(738.865, 78.089, -10.038, 0.701)","(728.578, 75.06, -9.27, -9.997)","(741.353, 68.135, 27.018, 2.125)","(748.165, 72.693, 9.216, 2.685)"
76,"(348.803, 384.646, 15.697, -5.51)","(368.525, 378.466, 20.319, -5.561)","(392.456, 371.901, 23.409, -7.144)","(416.543, 365.999, 22.519, -5.247)","(440.443, 361.382, 27.361, -4.936)","(464.23, 357.183, 22.222, -1.948)","(486.954, 354.004, 22.296, -5.277)","(508.912, 351.527, 20.055, 0.068)","(530.203, 348.675, 24.14, -5.138)","(550.737, 345.214, 22.614, -1.228)","(569.919, 340.768, 19.972, -2.235)","(587.671, 337.223, 16.539, -3.74)","(604.049, 331.995, 16.049, -7.365)","(617.879, 326.851, 14.204, -4.641)","(631.213, 319.866, 11.526, -6.013)","(643.349, 312.856, 9.184, -5.858)","(654.647, 305.263, 11.724, -9.95)","(664.907, 299.345, 10.897, -7.535)","(673.163, 294.43, 10.076, -2.668)","(679.701, 288.17, 2.786, -3.627)","(686.883, 283.117, 4.028, -5.303)","(693.45, 278.115, 10.403, -9.435)","(701.325, 271.788, 3.715, -1.949)","(707.626, 267.072, 10.255, -2.448)","(714.198, 261.747, 5.294, -4.75)","(720.163, 256.904, 7.923, -6.244)","(725.599, 253.12, 3.469, -1.872)","(728.827, 250.094, 3.543, -5.744)","(729.364, 246.25, -2.991, -3.432)"
77,"(444.3, 500.373, 19.937, 19.728)","(473.748, 507.847, 33.882, 9.497)","(507.052, 514.658, 32.067, 6.561)","(537.554, 522.758, 26.098, 9.58)","(566.167, 531.166, 25.226, 11.668)","(598.416, 542.025, 30.729, 14.599)","(624.415, 546.329, 21.812, 3.435)","(645.434, 555.179, 19.71, 13.042)","(658.573, 569.403, 22.022, 8.133)","(674.334, 579.851, 15.051, 7.488)","(684.501, 583.759, 21.608, 0.839)","(692.056, 583.946, 20.791, 9.825)","(692.056, 583.946, 20.791, 9.825)","(692.056, 583.946, 20.791, 9.825)","(692.056, 583.946, 20.791, 9.825)","(692.056, 583.946, 20.791, 9.825)","(702.35, 583.613, 14.26, -3.197)","(715.813, 583.426, 14.038, -4.46)","(726.638, 580.676, 14.474, -6.386)","(735.784, 572.898, 11.317, -16.707)","(744.913, 561.599, 12.076, -14.068)","(756.336, 555.836, 14.993, -4.254)","(764.042, 558.58, 3.969, 2.364)","(765.896, 558.145, 2.078, -3.378)","(769.95, 560.115, -2.572, 22.454)","(767.967, 578.971, -2.472, 14.53)","(767.752, 595.87, -2.925, 14.227)","(766.363, 612.731, 3.512, 17.677)","(767.421, 624.448, -1.612, 12.818)"
78,"(495.834, 423.888, 36.905, -0.81)","(530.384, 419.111, 36.898, -5.021)","(557.686, 418.528, 14.735, -0.824)","(570.503, 399.315, 14.499, -21.531)","(590.381, 388.266, 21.59, -9.736)","(608.305, 381.091, 18.216, -6.308)","(624.394, 374.635, 18.435, -4.134)","(642.748, 368.808, 19.996, -5.903)","(659.523, 363.783, 15.94, -4.569)","(673.589, 360.59, 14.59, -3.857)","(685.408, 355.641, 12.39, -1.959)","(697.282, 349.625, 10.097, -7.979)","(707.276, 343.595, 11.393, -4.482)","(715.515, 336.227, 9.563, -5.932)","(722.261, 332.289, 5.225, -5.546)","(730.956, 326.33, 6.439, -5.399)","(739.3, 319.331, 5.601, -7.836)","(746.247, 312.383, 4.93, -8.251)","(753.084, 305.295, 9.811, -3.905)","(759.938, 299.296, 4.808, -5.859)","(765.917, 292.99, 7.156, -7.96)","(770.844, 287.783, 4.412, -7.659)","(774.328, 281.628, 7.709, -4.81)","(777.252, 276.679, -0.318, -1.538)","(778.618, 271.942, 0.069, -2.318)","(778.691, 268.204, 2.137, -2.822)","(780.978, 262.513, 2.726, -2.69)","(784.79, 257.297, 5.455, -3.789)","(788.414, 255.372, 1.15, 0.118)"
79,"(333.545, 449.667, 20.243, -3.33)","(357.719, 445.487, 22.396, -2.436)","(383.645, 443.832, 27.045, -1.317)","(410.66, 442.543, 26.126, -2.028)","(437.446, 441.906, 24.799, -2.67)","(463.842, 441.435, 22.116, 0.312)","(488.563, 440.642, 25.085, -0.574)","(511.743, 440.433, 22.391, -1.527)","(534.205, 439.949, 19.687, 0.686)","(556.262, 440.212, 23.271, -2.367)","(578.123, 440.659, 22.579, 0.979)","(597.693, 440.821, 20.114, -0.202)","(615.748, 443.136, 19.602, 5.603)","(632.135, 446.545, 13.768, 1.126)","(646.104, 451.253, 14.597, 8.683)","(658.718, 457.781, 11.23, 10.468)","(670.886, 464.689, 12.373, 10.436)","(682.979, 471.695, 9.967, 5.242)","(694.841, 478.305, 9.756, 7.379)","(706.272, 484.094, 7.548, 6.532)","(716.781, 488.684, 9.928, 4.775)","(725.552, 491.121, 10.036, 0.342)","(733.816, 493.513, 6.299, 5.51)","(742.418, 496.407, 5.429, 0.779)","(750.034, 498.451, 9.514, -0.287)","(758.074, 502.626, 6.947, 6.066)","(766.642, 507.257, 7.079, 4.745)","(776.459, 512.564, 8.163, 11.334)","(784.914, 519.304, 10.11, 8.555)"
80,"(486.499, 462.758, 26.033, 4.755)","(512.266, 470.196, 28.059, 8.21)","(536.161, 476.229, 25.753, 8.408)","(564.214, 478.406, 27.664, 4.515)","(588.298, 485.046, 17.341, 3.618)","(608.169, 487.153, 17.477, -6.907)","(625.289, 482.196, 22.425, -1.273)","(648.848, 478.374, 32.887, -5.636)","(678.622, 475.66, 31.191, -5.346)","(704.776, 475.292, 24.169, -0.289)","(728.184, 475.795, 25.087, -1.927)","(748.999, 477.31, 19.799, 3.785)","(766.764, 478.737, 21.956, -1.294)","(779.759, 479.57, 7.871, -1.813)","(787.283, 479.355, 8.47, -1.228)","(793.22, 482.672, 8.503, 6.209)","(797.581, 486.091, 2.883, 1.587)","(802.979, 490.718, 5.153, 4.434)","(809.682, 496.572, 6.252, 7.62)","(812.5, 502.371, -3.92, 8.655)","(811.56, 509.294, -3.851, 7.979)","(812.951, 514.395, 4.884, 5.302)","(813.972, 515.094, -0.1, -0.467)","(812.519, 516.547, -1.912, -1.356)","(808.819, 519.876, -7.935, 4.965)","(803.515, 528.632, -4.126, 7.312)","(804.895, 543.178, 3.522, 19.89)","(804.636, 559.538, -7.087, 15.569)","(797.767, 578.576, -7.584, 20.047)"
