Gender,Age,Treatment,EvacuationTime,Collisions,Clicks,RouteChoice,IndecisiveTime,"Clicks Positions (player.x, player.y, target_x, target_y)","Collision Positions (player.x, player.y, agent.x, agent.y)"
Male,23,C,40.183,4,36,B,11.219,"[(450, 375, 640, 393), (639.816760115832, 392.9826404320262, 744, 440), (680.6571097965601, 411.41367989629697, 788, 470), (765.1749446095051, 457.5423887044781, 813, 481), (807.1149761922277, 478.1134669929717, 835, 517), (834.8924662727233, 516.8500408726941, 841, 558), (840.490940018572, 554.5701708145207, 798, 585), (808.7128354467485, 577.3280173939612, 810, 597), (809.9577313385201, 596.3539999440537, 828, 646), (822.9826329611085, 632.1939643529778, 801, 641), (801.743414342381, 640.7021952187849, 801, 641), (801.743414342381, 640.7021952187849, 828, 665), (817.1368684444211, 654.9472744365178, 770, 673), (779.7453256719604, 669.2676839661058, 771, 675), (771.7721580110998, 674.4938720507665, 660, 666), (763.2168255263721, 673.8437289313162, 658, 685), (674.1030285946874, 683.2925758201658, 599, 642), (634.0042123956147, 661.2457497576, 508, 668), (539.7595129178496, 666.2975831224559, 456, 689), (456.94746969786837, 688.7431951152706, 342, 636), (412.75732407988664, 668.466720316585, 308, 689), (365.980747229436, 677.6353063179872, 262, 639), (328.4478755920602, 663.6895131654919, 223, 665), (253.14035768059392, 664.6254211694063, 146, 660), (192.18380293471336, 661.9938288839289, 146, 660), (150.27617154692047, 660.1846091876613, 109, 678), (118.76593523967962, 673.7848815327969, 119, 586), (118.99979062091667, 586.0785266351089, 116, 525), (116.7082894286058, 539.4214314255197, 112, 466), (114.2069201886575, 500.4148850129427, 115, 408), (114.5423391507886, 461.329657557664, 120, 392), (119.92904517595437, 392.90135202407447, 88, 389), (88.70129591537592, 389.085690073845, 116, 373), (115.8057502792058, 373.11446114057065, 43, 363), (79.92368822318946, 368.1295839719772, 22, 406), (48.80447766157608, 388.4752747693409, 6, 391)]","[(801.743414342381, 640.7021952187849, 802.5853980616337, 626.096857079417), (797.550822230275, 662.4484413329685, 788.3252285806942, 651.1246582714876), (766.0686030212813, 674.0604433044663, 758.8996846209743, 661.8405490231537), (87.47780655077185, 369.17903179694423, 85.80805887137049, 354.4736284816843)]"
Male,22,C,27.318,3,12,B,8.457,"[(450, 375, 675, 477), (674.8841948290595, 476.9475016558403, 766, 613), (725.810493005078, 552.9897435618188, 816, 596), (764.5327248591502, 571.455895306013, 771, 624), (770.9380301456033, 623.4965189440102, 649, 661), (756.3586796524498, 627.9805703459863, 715, 681), (756.3586796524498, 627.9805703459863, 827, 678), (773.4755097607499, 640.1005884216604, 666, 688), (694.2356149786526, 675.4160229987199, 179, 664), (517.9122240577653, 671.5092436002275, 107, 662), (156.6956011783902, 663.1500450699618, 63, 361), (78.48165979874852, 410.92533424321084, 15, 381)]","[(707.7740957344048, 526.058116220119, 711.3351928560985, 540.4302485377758), (761.0907486943438, 569.8144595954179, 775.5610451052279, 566.2230954908916), (767.2512079031862, 635.6933091214153, 779.6453792363956, 627.8876387426974)]"
Female,21,A,54.534,8,103,A,17.993,"[(450, 375, 476, 357), (475.86616634911314, 357.0926540659986, 512, 354), (511.0110085864501, 354.0846466595796, 554, 359), (547.9503278527593, 358.30828160374057, 587, 352), (586.5367460821593, 352.0748363816412, 576, 327), (576.1957865624933, 327.46592334881774, 606, 327), (605.7455093695971, 327.00397840147696, 639, 324), (638.0273993281598, 324.0878579510943, 671, 303), (670.9556020250387, 303.0283950361883, 700, 306), (699.4070768462781, 305.9393365499165, 741, 290), (707.4189157558865, 302.86902104715665, 741, 290), (715.4307546654949, 299.79870554439697, 741, 290), (740.3564757176099, 290.2466128691448, 751, 269), (744.1994071113029, 282.57534972000394, 751, 269), (750.6042927674588, 269.78991113810247, 769, 265), (757.9848653145053, 267.8681428580476, 769, 265), (766.2880094299327, 265.7061535429861, 769, 265), (768.1331525666943, 265.2257114729724, 772, 246), (769.8249591107722, 256.8141604496824, 772, 246), (771.8927226646454, 246.53337586566093, 788, 233), (778.4618149835923, 241.01400759518367, 788, 233), (785.0309073025392, 235.49463932470636, 788, 233), (787.9505038887378, 233.04158676004974, 788, 233), (787.9505038887378, 233.04158676004974, 791, 215), (789.3804634734182, 224.5815858388807, 791, 215), (790.6515386598011, 217.06158502006377, 791, 215), (790.9693074563968, 215.18158481535954, 791, 215), (790.9693074563968, 215.18158481535954, 808, 178), (794.9393221155364, 206.51420758515548, 808, 178), (807.6433690247845, 178.77860044850257, 813, 143), (808.9137737002613, 170.29317341384316, 813, 143), (810.0430223006849, 162.75057160525702, 813, 143), (812.866143801744, 143.89406708379167, 820, 117), (815.0659777193245, 135.60086922439737, 820, 117), (817.2658116369049, 127.307671365003, 820, 117), (819.4656455544849, 119.01447350560858, 820, 117), (819.9544975361694, 117.17154064796536, 820, 117), (819.9544975361694, 117.17154064796536, 820, 117), (819.9544975361694, 117.17154064796536, 832, 97), (824.8422138323481, 108.98651322879861, 832, 97), (829.2411584989089, 101.61998855154857, 832, 97), (831.6850166469985, 97.5274748419653, 832, 74), (831.8253984547114, 87.0417478416166, 832, 74), (831.927494314866, 79.41576456863572, 832, 74), (831.9913042274624, 74.64952502302268, 776, 52), (824.9211918099703, 71.7895329166585, 776, 52), (816.0835512881052, 68.21454278370341, 776, 52), (776.3141689397123, 52.12708718540584, 744, 52), (768.6875612547435, 52.09709278552866, 744, 52), (744.854412239216, 52.00336028591238, 696, 49), (736.2905794729114, 51.47689247990185, 696, 49), (727.7267467066068, 50.95042467389132, 696, 49), (720.1144509143361, 50.48245329077085, 696, 49), (710.5990811739977, 49.89748906187026, 696, 49), (702.0352484076931, 49.37102125585971, 696, 49), (696.32602656349, 49.02004271851934, 306, 41), (658.2007402603241, 48.23668110797241, 306, 41), (646.7631543693743, 48.00167262480833, 306, 41), (637.2318327935828, 47.805832222171595, 306, 41), (583.8564319691505, 46.70912596740589, 292, 45), (573.369945109198, 46.64771657211424, 292, 45), (529.5173636948513, 46.39091364634917, 272, 45), (521.8908082737145, 46.349720773535886, 272, 45), (513.3109334249356, 46.30337879162092, 272, 45), (501.87110029323037, 46.24158948240098, 272, 45), (458.01840662169377, 46.00473046372452, 216, 45), (457.0650815034351, 46.00077276975604, 214, 47), (448.4851540029605, 46.03604438153575, 214, 47), (436.0919253911638, 46.08699226521756, 214, 47), (422.74537150153657, 46.14185921687489, 214, 47), (413.2121187232314, 46.18104989663013, 214, 47), (403.67886594492626, 46.220240576385365, 214, 47), (392.2389626109601, 46.26726939209165, 214, 47), (381.7523845548244, 46.31037913982241, 214, 47), (370.3124812208582, 46.35740795552869, 214, 47), (357.9192526090615, 46.4083558392105, 214, 47), (346.47934927509533, 46.455384654916784, 214, 47), (335.99277121895966, 46.498494402647545, 214, 47), (324.5528678849935, 46.54552321835383, 214, 47), (312.1596392731968, 46.596471102035636, 214, 47), (302.6263864948916, 46.63566178179087, 214, 47), (264.493375381671, 46.79242450081182, 201, 51), (223.58975656671515, 49.50302325728657, 192, 55), (206.68380353322766, 52.44485126543285, 181, 65), (206.68380353322766, 52.44485126543285, 181, 65), (206.68380353322766, 52.44485126543285, 181, 65), (206.68380353322766, 52.44485126543285, 181, 65), (206.68380353322766, 52.44485126543285, 184, 66), (206.68380353322766, 52.44485126543285, 204, 209), (206.04652550513129, 89.61938928159258, 149, 86), (197.48374263415948, 89.07611264433254, 149, 86), (187.96953944419081, 88.47247193626576, 149, 86), (177.50391593522528, 87.8084671573923, 149, 86), (165.135451788266, 87.02373423690548, 149, 86), (149.91272668431614, 86.05790910399864, 136, 135), (147.30597269839288, 95.22792972018695, 136, 135), (144.4385433138773, 105.31495239799409, 136, 135), (136.0969305589227, 134.6590183697964, 136, 333), (136.0554654326894, 219.50567490432215, 123, 365), (129.4097114110221, 293.5681050121937, 118, 357), (118.10206709697276, 356.4325615132884, 28, 359), (28.525092505776456, 358.98503760510886, 12, 355), (12.770059016208432, 355.18570026985753, 8, 360)]","[(450, 375, 435.02878038914105, 375.7715510458641), (790.9693074563968, 215.18158481535954, 786.1518119883326, 229.26247104500194), (790.9693074563968, 215.18158481535954, 787.2499294711126, 229.3257569872136), (790.9693074563968, 215.18158481535954, 787.0649807553812, 229.61660492392804), (796.1303265132783, 203.91399441609425, 810.6971510158791, 204.8976592093462), (206.60210122193325, 57.21081767776102, 208.74468572996756, 71.72997730619676), (206.1282278164257, 84.8534228692644, 210.22162323096563, 98.92214928747197), (67.5959005721493, 357.87172356505914, 53.307025091424826, 353.655177392612)]"
Male,23,HA,28.205,0,25,B,9.573,"[(450, 375, 598, 369), (487.1494842865001, 373.49393982622246, 620, 463), (619.1851132854617, 462.45098218915786, 678, 500), (647.3089692344047, 480.4060141024543, 679, 504), (675.6021483939331, 501.4702980326368, 709, 513), (699.9330834851597, 509.86989311731406, 726, 517), (725.6805861843035, 516.9126304546061, 743, 527), (742.1564348133601, 526.5086811907253, 785, 540), (784.8942315945701, 539.9666938250497, 774, 559), (774.4755291484616, 558.1692032798077, 795, 585), (791.2730126740967, 580.1278627330581, 783, 604), (783.1566392582417, 603.5480106194146, 765, 640), (773.3806214460191, 623.174731864855, 756, 654), (761.6748829474818, 643.9353547837754, 720, 664), (738.4828739355739, 655.1012993471194, 643, 657), (643.1683835152526, 656.9966516519961, 543, 655), (611.7146315380118, 656.3696855011715, 412, 664), (565.9879930704932, 658.1167214083291, 299, 677), (477.5489173437392, 664.3717581466174, 205, 684), (293.0800054613142, 677.6567143010845, 118, 684), (262.5933416915146, 678.761270002856, 93, 683), (150.1351277745543, 681.5719935843416, 88, 423), (133.65191744512043, 612.9780000060883, 55, 401), (95.84596897217035, 511.0856418036235, 104, 381), (101.1539122496583, 426.4051683601677, 12, 381)]",[]
Male,23,H,52.816,1,32,B,27.692,"[(450, 375, 112, 377), (396.6142679165896, 375.31589190581826, 112, 377), (354.66833556533857, 375.5640926889612, 112, 377), (234.55043837766516, 376.27484947705324, 384, 285), (361.47145655436594, 298.75908627376083, 463, 317), (462.80892196460564, 316.9656703638177, 581, 390), (577.1584975722473, 387.6262036080027, 647, 382), (646.5271149457989, 382.0380940773843, 752, 394), (751.6730653555447, 393.9629216413507, 736, 426), (736.1722841881274, 425.64783646914105, 751, 453), (750.711161838232, 452.46719044693947, 768, 493), (767.9165614672363, 492.80438256600854, 780, 515), (779.7681218205154, 514.5740716229759, 788, 544), (787.986797727807, 543.9528067462254, 792, 579), (791.8912157829492, 578.0499902024978, 801, 600), (800.6608103779447, 599.1826334503141, 766, 622), (766.420722597474, 621.7230364317043, 777, 665), (776.1551192317462, 661.5438212047882, 694, 664), (694.2050687347429, 663.9938690919988, 694, 664), (694.2050687347429, 663.9938690919988, 578, 663), (628.4274744724447, 663.4312919290986, 524, 658), (546.5514727255535, 659.1729061956385, 476, 696), (487.3927743205069, 690.0530969463194, 384, 670), (384.44452780090774, 670.0862164609231, 275, 678), (275.09668642452243, 677.9930087373922, 169, 656), (169.61251218259028, 656.1269689585739, 120, 654), (120.08467344699484, 654.0036300881662, 111, 477), (111.63097474969007, 489.29376287884884, 129, 418), (125.62168887296984, 431.8667834809653, 124, 393), (124.03198585344802, 393.7666003393988, 53, 384), (53.19840874103892, 384.0272803703048, 30, 380), (30.655579572773718, 380.11380964850116, 12, 369)]","[(791.901718155034, 604.9487830502047, 777.9850883690231, 599.5828821686773)]"
Female,23,C,47.308,7,27,A,21.326,"[(450, 375, 492, 373), (491.8991888170822, 373.0048005325199, 592, 374), (518.5912030261885, 373.2701717918827, 623, 374), (622.5019977700658, 373.9965189132942, 748, 303), (747.7955256473018, 303.1156748871749, 773, 265), (772.5097925891772, 265.74132021309964, 791, 242), (790.6689169076953, 242.4251087906643, 782, 218), (782.059493801614, 218.1676267741711, 796, 187), (795.6829418279887, 187.70886599312269, 810, 136), (809.9285823531309, 136.2579388507844, 784, 98), (784.2560859602177, 98.37785795124154, 731, 95), (731.9279037217817, 95.0588538738455, 681, 92), (681.4921285852397, 92.02955844084245, 625, 77), (628.9788286591269, 78.05855522452515, 579, 96), (579.6289573683279, 95.77421631933498, 496, 96), (496.6892596441359, 95.99813911850292, 413, 100), (418.6051477353581, 99.73197251890478, 368, 97), (368.1519503624547, 97.00820320131531, 232, 102), (289.07841143934775, 99.90730995231131, 180, 77), (180.85255176870305, 77.17904246457542, 121, 51), (153.77597746031276, 65.3359586249114, 145, 136), (145.08137287034293, 135.34478684537123, 109, 338), (137.56157816178967, 177.58058549463559, 118, 362), (121.77412117301446, 326.4189639893583, 99, 379), (104.3447939127188, 366.65990577379034, 68, 370), (68.27014386300583, 369.9751737220126, 24, 362), (24.17330733047444, 362.03122095270595, 10, 373)]","[(450, 375, 455.79929571786, 362.3881330819981), (783.9726989362986, 223.55817833339185, 776.6029278722395, 210.86205572148833), (782.059493801614, 218.1676267741711, 768.4926666626361, 212.03281916683292), (795.6829418279887, 187.70886599312269, 783.1361560139189, 195.86813365359316), (775.693292503019, 97.83474819312217, 761.614468751943, 98.96730625430546), (595.7798243362257, 89.97636359739715, 594.9012544956935, 104.74555103085517), (24.17330733047444, 362.03122095270595, 37.18531671422048, 369.434215689806)]"
Male,20,C,36.228,4,17,B,15.032,"[(450, 375, 726, 390), (559.4717798971033, 380.9495532552779, 732, 411), (731.3441589239096, 410.8857675728741, 779, 452), (778.2629350297321, 451.3641102576891, 788, 501), (787.9893611103791, 500.94576694786224, 788, 541), (787.9997430022781, 540.0324322357501, 792, 598), (791.9376658639173, 597.0967184709748, 774, 623), (774.0271984323322, 622.9607235046526, 729, 665), (729.4299432568617, 664.5985869856042, 642, 673), (642.1254301102857, 672.9879470336855, 481, 674), (481.96858940048367, 673.9939161448616, 250, 671), (272.2527224956692, 671.287206062333, 134, 669), (134.99150490673023, 669.016403120261, 116, 562), (116.16806257124338, 562.9470261552173, 102, 460), (105.63991344000812, 486.4480949478457, 97, 404), (97.79064731002534, 411.5449094414957, 62, 393), (62.23959770741506, 393.12414745528105, 12, 375)]","[(787.997970484149, 533.359099137818, 773.4726783669555, 536.6511310064355), (767.755709423282, 628.8160480566614, 757.1107222149709, 639.0490584938361), (67.31831907921655, 395.75568488188304, 54.03149195481779, 402.03826683798184), (50.58167121066796, 388.9185011425781, 39.83958023549551, 378.79036118743016)]"
Female,25,A,27.928,2,18,B,9.378,"[(450, 375, 490, 410), (489.4601046924643, 409.52759160590625, 554, 427), (553.874677330449, 426.96607232080254, 683, 485), (610.3952775336438, 452.3686220048117, 746, 486), (668.6892239853598, 466.82612549209193, 746, 524), (710.8467449692172, 498.0030058514238, 769, 495), (753.689659697081, 495.7906185387667, 734, 534), (735.7853235683637, 530.5354348269692, 761, 558), (760.929796485666, 557.9235322729589, 781, 620), (777.0601201563104, 607.8140835098889, 811, 664), (793.3265494134735, 634.74241207335, 721, 648), (775.5100563831495, 638.0082076188254, 746, 683), (758.255785491482, 664.3145136308253, 669, 696), (730.4052889301136, 674.2013408466847, 589, 640), (689.6342246067054, 664.3401462749875, 434, 643), (619.3320927175237, 658.4713789756695, 125, 668), (142.75395519804508, 667.6577792272491, 117, 354), (122.93835106194555, 426.32326033179436, 12, 375)]","[(773.418629608402, 641.1968507717951, 767.2647235522699, 654.8456949296798), (765.0529225094117, 653.9514233836738, 773.5500156723364, 666.2452574075687)]"
Male,35,HA,61.116,8,32,A,25.377,"[(450, 375, 533, 380), (532.7899148276225, 379.9873442667243, 566, 361), (565.894559499398, 361.06028394911345, 620, 337), (619.9019407921115, 337.043606194937, 643, 308), (642.4510188360616, 308.6902914478815, 671, 290), (670.3673079230563, 290.41420740190125, 700, 259), (699.8044020110253, 259.20735732606033, 725, 254), (724.0780591451066, 254.19054421597866, 725, 254), (724.0780591451066, 254.19054421597866, 744, 254), (743.1438537580702, 254.00818864565554, 779, 255), (778.4037006208483, 254.98350585445405, 775, 229), (775.0604602959438, 229.4615477765567, 781, 201), (780.9030268688142, 201.46468338352898, 788, 154), (787.9518426363845, 154.32207731019113, 774, 121), (774.3289177627892, 121.7855753111616, 773, 97), (773.0528887654483, 97.98642558316236, 739, 98), (739.686224749827, 97.99972645196527, 627, 92), (627.3520008310647, 92.01874149836807, 496, 85), (496.9313935823833, 85.04976864262916, 391, 90), (391.22674655855946, 89.98940401059215, 283, 81), (283.8697767091841, 81.07224438030786, 194, 77), (194.3483009180235, 77.01578246333767, 144, 89), (144.26745867138382, 88.93633781395823, 108, 81), (108.87820420953173, 81.19217572809929, 84, 147), (89.66260906619098, 132.02126684024884, 84, 147), (84.26875779788485, 146.2890818892735, 54, 212), (54.354467733375614, 211.23048047243066, 56, 264), (55.98872219199603, 263.63833920381626, 52, 313), (52.07269498628827, 312.10037724313173, 48, 350), (48.10020135762872, 349.067547737643, 48, 350), (48.10020135762872, 349.067547737643, 46, 359), (46.12799996776916, 358.39465158193883, 11, 373)]","[(778.4037006208483, 254.98350585445405, 767.6975926050387, 264.92295947467), (778.4037006208483, 254.98350585445405, 766.6950071905965, 263.58901724569097), (778.4037006208483, 254.98350585445405, 764.0332464590764, 257.16318903573006), (778.4037006208483, 254.98350585445405, 763.9100018516702, 256.5702223462539), (783.7225531758421, 182.60764095419384, 790.9556364021522, 169.494504331272), (787.9518426363845, 154.32207731019113, 792.0064481527793, 168.6579702375241), (787.9518426363845, 154.32207731019113, 792.9176435365642, 167.67759803184927), (739.686224749827, 97.99972645196527, 754.257743868131, 101.26443053123718)]"
Male,18,H,43.719,2,27,B,18.009,"[(450, 375, 539, 358), (529.5943301596179, 359.79658862119675, 628, 381), (627.4485582586294, 380.88118117469566, 732, 421), (715.5640286983514, 414.6931357053897, 754, 453), (753.377557408939, 452.37964820298583, 746, 481), (746.238612536568, 480.0743311964639, 780, 493), (779.1802294395561, 492.6861478880078, 796, 525), (795.9064685042623, 524.8203089090771, 808, 566), (807.7260845716686, 565.0672904165585, 799, 601), (799.1770864107813, 600.2707846781088, 774, 627), (774.3380537436375, 626.6411057595533, 807, 627), (806.7494304716403, 626.9972467053906, 802, 645), (802.1289151189989, 644.5113462346403, 796, 680), (796.1260476208021, 679.270138305762, 740, 690), (740.8798800136005, 689.8317894942961, 680, 689), (680.8254849904141, 689.0112784345596, 519, 684), (600.7838543970587, 686.5326150937193, 495, 696), (495.38512351968484, 695.9655324281943, 366, 681), (366.5904835433571, 681.068299201454, 264, 674), (291.4552710521991, 675.8916186350945, 203, 666), (203.3444767223611, 666.038521529873, 133, 665), (140.43133253174955, 665.109711510974, 84, 632), (87.80716822677667, 634.2337633369087, 120, 545), (119.83599209235359, 545.4546056376585, 110, 485), (110.03793206527301, 485.23314049315724, 83, 433), (83.30474190080903, 433.5887146428463, 66, 397), (66.18578465005912, 397.392818430058, 20, 384)]","[(788.0648875860064, 612.0680335829658, 773.8690343734597, 608.556557121807), (203.3444767223611, 666.038521529873, 211.60353541788032, 653.9494912975172)]"
Male,23,A,36.009,6,34,A,12.935,"[(450, 375, 521, 349), (520.7206302389816, 349.10230441952785, 558, 334), (557.8310659032653, 334.06843715899925, 634, 291), (629.1990153953171, 293.7146356477238, 674, 240), (673.7743537927099, 240.27054101415013, 759, 214), (758.5005023285939, 214.15396860742166, 772, 182), (771.7859966890312, 182.50972679949047, 780, 134), (779.9031289454346, 134.57209477691254, 772, 103), (772.0322692515324, 103.12891196319782, 712, 113), (741.9298302420498, 108.07864698554152, 674, 97), (741.9298302420498, 108.07864698554152, 600, 92), (740.0352818447025, 107.86402138621528, 688, 69), (724.7590887479257, 96.45456468364702, 732, 70), (731.8061456906498, 70.70824391949807, 600, 85), (691.9994672639925, 75.02448680383229, 600, 85), (635.1327837973392, 81.19054806716655, 547, 83), (575.0854380699416, 82.42337858841505, 494, 84), (525.521473108216, 83.38709797208917, 436, 80), (483.604798243707, 81.80115574503621, 325, 95), (440.8525789957209, 85.35892883675058, 241, 79), (380.8229580425772, 83.44890050658663, 192, 85), (336.0178030576973, 83.81695560920659, 149, 81), (272.1517142474129, 82.85497266335464, 121, 94), (207.50055414536155, 87.62196422723326, 91, 111), (163.56966262289993, 96.437527046447, 106, 151), (161.49384831308612, 98.40490981326491, 89, 195), (161.49384831308612, 98.40490981326491, 81, 119), (106.07893544173453, 112.58332409203683, 116, 234), (110.5043562053781, 166.7428223454804, 104, 248), (107.15737620797344, 208.55574581827048, 80, 314), (94.55538686278807, 257.4856335045128, 79, 364), (87.39167381026876, 306.53863130361736, 80, 378), (81.50653683095291, 363.4350737471879, 18, 384), (44.32094917956931, 375.4766509749582, 18, 384)]","[(732.0805205270817, 222.29784602457391, 746.6188442128374, 224.8651773400774), (762.1909174287155, 205.3639014385519, 758.2944922353286, 191.24907444215438), (774.8100263531818, 164.6506089871575, 785.2366802951824, 154.1738521535254), (773.4212444916328, 108.67770893032393, 775.8521791716081, 94.17267083479835), (747.5740375563278, 107.15057166885208, 733.9444819422683, 113.40086479473518), (82.97782107578185, 349.2109631362953, 85.93142543871174, 363.8813670592933)]"
Male,23,HA,35.122,5,28,A,11.715,"[(450, 375, 527, 394), (487.9484496236128, 384.3639031538782, 556, 376), (522.0121353959616, 380.1772921613548, 575, 348), (567.6440653218001, 352.46694844242217, 610, 321), (609.7333929019765, 321.19806697388753, 664, 300), (663.0126955353426, 300.3856689644816, 686, 278), (685.5512649906387, 278.4369904869786, 740, 237), (739.4141541291546, 237.44584488093034, 760, 189), (759.9198920636586, 189.18852257430052, 758, 152), (758.002992781116, 152.0579705027164, 750, 94), (756.0502759779922, 137.8919231680929, 768, 102), (766.2892820514398, 107.13827407720169, 727, 92), (727.1475683776033, 92.05685852295196, 659, 105), (686.8741848027739, 99.70590769342478, 584, 96), (584.933641129141, 96.03363319816351, 170, 83), (361.0107500100106, 88.99990891498113, 315, 60), (331.9766282506615, 70.70012275056543, 181, 101), (261.87446122427025, 84.76910203848868, 180, 63), (217.65094406635615, 73.01078029668886, 172, 79), (172.2797512693263, 78.96329776199502, 137, 209), (167.28732483934675, 97.36475031659006, 111, 189), (166.28937831339954, 98.98939812738709, 98, 168), (166.28937831339954, 98.98939812738709, 99, 83), (136.6091377149687, 91.93673698918106, 141, 221), (140.98510972021236, 220.56232102676344, 12, 377), (46.375399413096076, 335.3083062097058, 30, 361), (46.375399413096076, 335.3083062097058, 44, 357), (44.09231415162366, 356.1570047973864, 11, 373)]","[(737.1382574049918, 239.1778651178055, 741.3383700159147, 224.85951114019144), (749.4806072970022, 213.75588665767586, 763.1561488259892, 207.98999093853035), (757.3100708719948, 195.33036359514438, 743.1941044777047, 191.65095610785667), (759.9198920636586, 189.18852257430052, 747.9236250190871, 197.73870734468213), (759.9198920636586, 189.18852257430052, 747.4188934396732, 197.4676133802818)]"
Male,23,H,32.054,3,17,B,9.99,"[(450, 375, 534, 377), (506.2307305091962, 376.33882691688615, 595, 396), (594.6544978487992, 395.9234760223407, 746, 465), (728.2141556714222, 456.8822542806814, 764, 533), (748.4945788707975, 500.01942555981464, 818, 531), (782.4538842320926, 515.1560691566775, 788, 582), (787.9718627253324, 581.6608786904718, 779, 644), (782.675478334096, 618.461703577697, 708, 645), (756.6249533593694, 627.7195827256926, 728, 647), (756.6249533593694, 627.7195827256926, 748, 655), (756.0501851426924, 629.537553923175, 748, 655), (756.0501851426924, 629.537553923175, 759, 656), (758.9018053359492, 655.119107086997, 384, 667), (723.6461711618069, 656.2363820860539, 384, 667), (384.4297991078972, 666.9863793742726, 135, 665), (144.19741678196692, 665.0732452940972, 66, 380), (70.30585755141604, 395.69725492823886, 14, 377)]","[(743.6272773029474, 489.66650445282266, 742.4542557380709, 504.53065057244635), (761.5558501636033, 505.84121155860805, 758.7358356545699, 520.5242705150814), (782.9268538172275, 520.8564814024313, 769.2905295713443, 526.766928191468)]"
Female,23,A,44.104,6,35,B,13.901,"[(450, 375, 507, 401), (506.37845369256297, 400.71648764923924, 561, 451), (543.5518467245812, 434.9375761025827, 702, 429), (638.8183146192274, 431.3676266178093, 786, 422), (785.3351852354418, 422.0423132570352, 772, 505), (774.7439766844976, 487.92982405542546, 837, 498), (834.9744495751432, 497.67235862368614, 811, 547), (814.5546592679037, 539.686257215934, 859, 538), (853.6132247094935, 538.2043743743351, 809, 569), (812.0311771701632, 566.907638420104, 808, 622), (808.0656528415333, 621.1027509008359, 828, 642), (827.8065080273223, 641.7971616567329, 821, 689), (821.1395409358877, 688.0322896538813, 794, 685), (794.6112768354017, 685.0682977073203, 696, 701), (729.6733177842477, 695.5597167853248, 645, 682), (667.544925826827, 685.6103794814892, 606, 681), (607.6527370622686, 681.1238078515461, 544, 680), (544.7425411493554, 680.0131097830549, 474, 662), (481.9204581119356, 664.0167791428524, 423, 674), (432.1038099878537, 672.4574908501631, 378, 655), (386.74017155948087, 657.8201611875902, 356, 666), (356.33810583232156, 665.9100313671128, 271, 663), (292.50187646877464, 663.7332144809831, 271, 663), (271.5407265285055, 663.0184387870299, 218, 665), (218.1905859693868, 664.9929463459098, 218, 665), (218.1905859693868, 664.9929463459098, 134, 675), (168.0171055171627, 670.9566619456613, 134, 675), (134.88367502984488, 674.8949647002141, 52, 615), (82.34043565653167, 636.925177931394, 55, 586), (61.146184692701176, 597.448081991343, 64, 537), (63.97852354054562, 537.4549035737043, 65, 512), (64.97238451132243, 512.6881701432492, 58, 454), (58.1117875656067, 454.9409417480593, 60, 429), (59.98042997011391, 429.2688601113073, 57, 395), (57.00677761075829, 395.07792868723436, 23, 378)]","[(450, 375, 444.3421913556066, 388.88737505208616), (450, 375, 445.27730605460863, 389.0141923711502), (59.772803036279775, 432.12131362650194, 46.03072056969794, 426.8259359131608), (57.00677761075829, 395.07792868723436, 68.20860056219048, 385.1185644854573), (57.00677761075829, 395.07792868723436, 71.92735799814609, 396.1887045290622), (57.00677761075829, 395.07792868723436, 71.90504475901385, 394.70887556305024)]"
Female,24,HA,41.768,1,32,B,15.127,"[(451.3482169294623, 376.3482169294623, 548, 405), (497.0490953957967, 389.8959406687624, 611, 432), (576.6366711949564, 419.3029912324802, 651, 433), (613.2015920741804, 426.03789740080686, 724, 432), (672.2228708218248, 429.2138538609813, 760, 431), (717.0202638742041, 430.12542036341466, 766, 465), (765.168866797318, 464.4082160632491, 748, 433), (748.2499767335431, 433.4573000274622, 778, 481), (777.5807869161962, 480.3300670157687, 792, 531), (791.9320356885493, 530.7611695529765, 774, 465), (779.8935507787335, 486.6130950640928, 794, 578), (793.8551923683782, 577.0618814800638, 788, 661), (789.4104410962358, 640.7803787727659, 735, 645), (735.233115225307, 644.9819215221696, 661, 649), (690.4919424917779, 647.4036647386285, 616, 660), (641.6125049912447, 655.669012124514, 578, 664), (578.2799936726298, 663.9633307336001, 455, 649), (459.98154666334926, 649.6046441767875, 413, 665), (413.77893271739117, 664.7447519888499, 376, 662), (376.69667243501453, 662.0506153274865, 243, 679), (301.9813536861071, 671.5226437283438, 185, 669), (185.70172048543054, 669.0151322473697, 146, 634), (165.68209718906962, 651.3587246989399, 132, 646), (163.79911255335776, 651.0591472641241, 105, 644), (163.79911255335776, 651.0591472641241, 105, 644), (163.79911255335776, 651.0591472641241, 88, 673), (112.51760844952386, 665.9031195972344, 151, 612), (140.21384134897917, 627.1084061134326, 118, 563), (118.05280074517705, 563.152381191606, 108, 503), (108.78131567807762, 507.67511489484673, 77, 425), (85.52061376818672, 447.1653102531984, 130, 462), (129.83431317735787, 461.94474041084516, 12, 380)]","[(450.67410846473115, 375.67410846473115, 458.1970263534415, 363.4793044040548)]"
Male,21,C,27.446,4,13,B,8.085,"[(450, 375, 656, 473), (518.0096353258834, 407.3540983589135, 736, 485), (726.360667130207, 481.5665698435225, 784, 569), (775.1589771974384, 555.589002487836, 801, 625), (800.4376471158242, 623.4894764056861, 703, 672), (763.7407689479893, 641.7594657464815, 593, 685), (762.8166113534975, 641.9935110091712, 736, 697), (744.4349627403993, 679.6981239724262, 604, 678), (623.3704797312919, 678.2342256895813, 467, 666), (489.36001289096646, 667.7494187176519, 160, 677), (343.55750995454537, 671.8445057099782, 108, 669), (152.90474335811913, 669.5422531377221, 84, 398), (91.4709647211764, 427.4418423845941, 3, 373)]","[(755.2198827613656, 525.3432773213432, 743.3022972216784, 534.3883939336531), (768.8624210597312, 546.0377208563119, 770.5448257870848, 560.1358525029647), (775.6885897468193, 635.8110971238967, 760.767345372453, 634.9616178960107), (75.23252970663674, 417.44929485874536, 61.11904185711405, 413.96778994727555)]"
Female,21,H,40.632,6,41,A,13.613,"[(450, 375, 586, 407), (585.4866909364599, 406.8792213968141, 741, 333), (713.7909240532333, 345.9261306185223, 787, 270), (753.493959151008, 304.74957170419617, 778, 255), (777.9273310225996, 255.14752487046482, 785, 204), (784.9788764643368, 204.15275938533753, 795, 160), (794.474172894296, 162.3167779135559, 750, 162), (756.341806841118, 162.0451710331764, 754, 128), (756.0147032275335, 157.2897410487175, 813, 130), (782.6692364900027, 144.5251271622338, 755, 109), (768.0242647104565, 125.7221332688649, 725, 124), (768.0242647104565, 125.7221332688649, 752, 107), (768.0242647104565, 125.7221332688649, 785, 93), (783.3897222058439, 96.10394358073727, 716, 108), (735.5100019271738, 104.55597209680354, 712, 84), (712.5440001446204, 84.47564657068574, 625, 86), (642.0080256596543, 85.70384901081366, 629, 61), (630.903725109861, 64.61540935593086, 555, 69), (555.7157314584539, 68.95865565949681, 432, 86), (467.8850635548619, 81.05697684918437, 445, 79), (445.0969303995702, 79.0087123895208, 388, 82), (388.92729459217327, 81.95141937043864, 343, 69), (343.04989180019453, 69.01406940324274, 268, 91), (307.3694333917253, 79.46669049852127, 228, 55), (263.6400113524339, 65.98651067370076, 175, 84), (222.53357787897897, 74.34019079307923, 84, 109), (158.72046818676492, 90.3056357104453, 134, 207), (156.7447762750646, 99.63200080701361, 112, 321), (156.7447762750646, 99.63200080701361, 78, 194), (156.13398764687554, 100.36397191034992, 79, 148), (92.86661246461989, 139.43632578809533, 102, 219), (101.89057223222588, 218.0467419420024, 22, 376), (89.41254054846723, 242.71730948871433, 59, 369), (81.15381898931285, 277.0101886716123, 11, 380), (70.9565116320309, 291.98041803209816, 11, 380), (65.05280737255187, 300.6473929250113, 11, 380), (55.39220040249528, 314.8297154770509, 56, 383), (55.732179964609074, 352.96153322822164, 13, 358), (39.63700710254334, 354.8592832077149, 13, 358), (29.222483485912583, 356.08723907679877, 13, 358), (20.70150961776017, 357.0919302424131, 13, 358)]","[(450, 375, 463.0074585784379, 369.47150730843873), (765.4727634174419, 152.76036192770715, 779.2401692538715, 157.61195423052246), (770.3674601951839, 128.73061229180396, 756.074160671631, 127.00150677540618), (633.1245852198198, 68.83309728690745, 638.8395031486062, 55.30163009733871), (69.88311085758016, 293.55623164899146, 55.32226846277775, 294.24721920722396), (55.681183030292004, 347.24176056554603, 63.97148084414426, 359.32439020316417)]"
Male,22,HA,34.801,2,43,B,9.209,"[(487.58645421891083, 415.5538058677722, 535, 401), (534.0660569066716, 401.28667812642834, 596, 411), (595.2844102320904, 410.88777149656585, 705, 434), (637.2630996745505, 419.73082711629337, 737, 441), (675.4902077600823, 427.8828648080826, 737, 441), (718.3791582950691, 437.02905343789536, 764, 549), (741.4006184730335, 493.5324977198041, 831, 541), (774.2549186034768, 510.9378808795826, 790, 582), (780.647943198631, 539.7914551406149, 740, 585), (764.7128944420876, 557.5143781191872, 751, 589), (759.0028847681975, 570.6249002111593, 758, 589), (758.0157559525655, 588.7113155869539, 868, 641), (782.1233200826837, 600.1725282695935, 736, 635), (756.2560471030772, 619.7047674237787, 768, 692), (760.536124596242, 646.0527271379004, 636, 599), (734.6738340076096, 636.2813350524862, 603, 680), (672.2449384573727, 657.0091279976396, 547, 663), (547.5008986494668, 662.9760403914755, 449, 653), (515.2525350516917, 659.7099688914051, 449, 653), (490.5920217122179, 657.2123848031159, 449, 653), (449.8073265738577, 653.0817649647906, 379, 658), (407.961483370476, 655.9883524901088, 286, 687), (371.92811424310423, 665.1507053173319, 225, 653), (333.92451296129923, 662.0078720852363, 163, 677), (299.73577466422114, 665.0066341054622, 130, 679), (251.28016474453568, 669.0014141133333, 129, 677), (228.44895684052642, 670.4948482912969, 102, 651), (179.45447666058521, 662.9412869011176, 98, 653), (136.87045959773025, 657.7440288941943, 82, 563), (120.626068102347, 629.6950730718734, 186, 438), (132.93463717404296, 593.6028268336784, 114, 433), (128.02325482524446, 551.9446803570488, 54, 465), (103.30295083578082, 522.9092247591129, 83, 442), (83.11626662281198, 442.46333374853566, 12, 407), (53.2563080760721, 427.57315846308506, 63, 385), (58.360854462187575, 405.26984018548296, 26, 396), (45.53021901764285, 401.59447555046995, 26, 396), (33.61605753342268, 398.18163696081507, 26, 396), (26.284265850825644, 396.0814285979507, 26, 396), (26.284265850825644, 396.0814285979507, 26, 396), (26.284265850825644, 396.0814285979507, 26, 396), (26.284265850825644, 396.0814285979507, 33, 376), (32.936157570217276, 376.1909020170727, 0, 375)]","[(486.2903695906725, 414.1553987688835, 487.3253193171373, 428.9899851683136), (762.4288905725316, 562.758586955976, 756.528331039048, 575.0714343707149)]"
Female,21,HA,27.685,1,23,B,8.698,"[(450, 375, 549, 423), (548.6496199522747, 422.8301187647393, 724, 514), (615.4707956568391, 457.5724366960027, 675, 535), (634.6461314532268, 482.5131282881751, 727, 538), (666.5163628805658, 501.66099367228026, 750, 501), (699.8819837336237, 501.3968165830137, 754, 567), (721.1148854163912, 527.1358595056718, 786, 585), (769.4970891041434, 570.2828069924608, 788, 650), (779.6277185451423, 613.9292011723549, 745, 664), (750.8880190499677, 655.4860744591094, 671, 673), (719.2266153348618, 662.4272337691136, 594, 670), (647.8569928554782, 666.7431331134951, 524, 640), (602.1959219049271, 656.884020031683, 466, 667), (520.4344760590021, 662.9568681521672, 383, 665), (460.3811117286731, 663.8496349800475, 304, 659), (412.7373495813706, 662.3721237068735, 260, 669), (260.3474265129396, 668.984923792674, 175, 669), (219.35409381917378, 668.9921650652934, 153, 675), (165.235469517349, 673.8921756446684, 139, 613), (139.20715073150004, 613.4807940913381, 105, 501), (105.08939680581486, 501.2939567748922, 69, 397), (77.34363991408043, 421.112102100974, 36, 379), (41.27850077318166, 384.37661328229086, 8, 380)]","[(450, 375, 461.714500657505, 370.7891432182802)]"
Male,22,H,30.527,8,20,B,8.781,"[(450, 375, 746, 294), (484.9419920145356, 365.43817110412965, 768, 410), (533.9121955384421, 373.1475514038051, 788, 574), (553.3572607323024, 388.51857232145926, 788, 574), (637.1206184904697, 454.73220088981566, 813, 648), (787.9068671322403, 620.4260199205423, 641, 654), (761.8844619829389, 626.3731599634643, 641, 654), (756.3082323080886, 627.647547115519, 653, 670), (756.3082323080886, 627.647547115519, 735, 672), (756.3082323080886, 627.647547115519, 789, 686), (768.4231416468162, 649.2717885162906, 677, 678), (677.4743817657065, 677.8509333693445, 148, 664), (432.55150530353455, 671.443804791764, 55, 654), (320.17804795491475, 666.251875674204, 57, 664), (162.88380585834648, 664.9059918506, 53, 341), (158.28975065624664, 651.3640327308846, 87, 639), (135.74628333798083, 647.454239735049, 99, 443), (99.15157035334084, 443.8433288633206, 16, 377), (66.45858860758887, 417.56231311018826, 21, 369), (48.216572243359394, 398.0748072817952, 17, 387)]","[(737.8586654553948, 565.4297736039607, 752.0628296220501, 568.792417044921), (739.141952677878, 566.8399337659243, 753.9737221006321, 568.1145075794008), (760.9578354600927, 590.8126565193061, 756.0141582053907, 604.6560252662779), (188.62286365596674, 665.1262273853707, 184.14649560645313, 651.0949027024391), (158.28975065624664, 651.3640327308846, 173.12139123705595, 652.138123057737), (158.28975065624664, 651.3640327308846, 173.1228010750669, 651.6956021851861), (158.28975065624664, 651.3640327308846, 172.67894462559858, 651.1038796998089), (158.28975065624664, 651.3640327308846, 173.2800164379013, 651.291802804862)]"
Male ,22,A,33.086,2,36,B,11.317,"[(450, 375, 621, 409), (507.0368276133468, 386.3406557827703, 584, 355), (546.7688428791531, 370.1611328319025, 615, 417), (578.9933326106952, 392.2823844387335, 653, 368), (622.4727214763739, 378.0163287866967, 716, 398), (694.2590279126158, 393.35467678617294, 744, 451), (725.3992619663755, 429.4434137298267, 755, 457), (754.7056404796909, 456.7259682002986, 800, 485), (799.1844332701911, 484.49089997302957, 784, 524), (784.1362776903858, 523.6454125876752, 827, 536), (826.2741982268068, 535.7908025489209, 805, 597), (805.3045228377016, 596.1238401418221, 796, 609), (796.3706387192985, 608.4870877870297, 797, 641), (796.9979549066287, 640.8943501240277, 841, 661), (840.3531365888844, 660.7044317091654, 764, 676), (764.6374568438445, 675.872300404108, 676, 676), (726.5041630852978, 675.9272388734239, 669, 697), (669.2162947170185, 696.9207374447323, 519, 672), (627.8352179458169, 690.0556569863282, 404, 689), (575.4024677339662, 689.808372400904, 374, 680), (468.7555281048212, 684.6146281977248, 352, 644), (376.0132276332066, 652.3532516873576, 266, 661), (320.88989555158446, 656.6857995901718, 257, 673), (265.4681948055925, 670.8376576456229, 212, 665), (215.240008130928, 665.3537440960214, 158, 676), (200.24385420431838, 668.1429277018821, 158, 676), (167.43976748985983, 674.2442668397033, 119, 600), (127.84961137734082, 613.56391540617, 132, 517), (128.38179468946174, 601.1820136122851, 132, 517), (129.97834462582446, 564.0363082306303, 121, 426), (129.17394041943174, 551.6691078609493, 121, 426), (127.9363954865199, 532.6426457537478, 111, 426), (123.89910822395952, 507.2212391923555, 106, 421), (113.82275991550262, 458.6827742130778, 52, 395), (103.19803772433136, 447.73839409640516, 52, 395), (80.62050306809243, 424.48158634847584, 6, 387)]","[(796.3706387192985, 608.4870877870297, 784.8043608732023, 599.1323569628606), (62.73053159617403, 415.49552376612365, 48.66872066608275, 420.477363707522)]"
Female,23,HA,46.923,0,63,B,19.386,"[(450, 375, 503, 382), (495.36602974080506, 380.9917397770875, 516, 376), (515.7513240787189, 376.060159313611, 550, 345), (544.704653008615, 349.80235561664614, 562, 369), (561.9334161770196, 368.9260926909475, 613, 365), (612.3114146524925, 365.05293970533285, 565, 389), (573.1846546596968, 384.8572699618809, 651, 420), (606.2005232887667, 399.7677963256881, 681, 430), (633.6004647949684, 410.8422135368899, 724, 438), (668.2953096141697, 421.2652227352625, 792, 437), (783.6723843285857, 435.94075820951224, 776, 468), (776.1282899735529, 467.4639372709598, 781, 433), (780.9318986667497, 433.48176924826515, 796, 471), (795.854281477131, 470.63717385190824, 789, 499), (789.1360769970564, 498.43691717021824, 818, 488), (817.8248462540472, 488.0633339112766, 796, 504), (796.26711846759, 503.8049480956447, 826, 511), (825.9179731563062, 510.98015034643436, 804, 531), (804.0971259663859, 530.9112852620708, 805, 569), (804.9782118613925, 568.080843877227, 817, 621), (813.6370170760844, 606.1963604467966, 821, 645), (820.5682388333095, 642.7245764578769, 808, 681), (808.0767724070383, 680.7661966457898, 628, 667), (754.8454219947598, 676.6968587311802, 575, 680), (693.8423768856228, 677.8172746616418, 575, 680), (640.4647124151279, 678.7976386007957, 704, 690), (672.3856679964499, 684.4258507994449, 636, 622), (656.0633735807746, 656.4221567076683, 615, 670), (626.1938910006344, 666.2986748388058, 592, 694), (605.4527337618459, 683.1016043702967, 582, 694), (582.9745301271545, 693.5471395792642, 525, 697), (553.4734732970295, 695.3041703180248, 484, 697), (531.553336056854, 695.8392352514551, 472, 693), (508.69929440266037, 694.7496573201555, 472, 693), (476.32273539255266, 693.2060885841478, 440, 703), (454.23169480131526, 699.1626249599558, 402, 697), (420.89359213691955, 697.7822789226719, 339, 685), (398.28730470340565, 694.2537992963515, 339, 685), (367.20365948232404, 689.4021398101613, 306, 682), (308.5245887204795, 682.3053307405179, 263, 694), (278.0539206234653, 690.1328453985407, 304, 692), (300.87490591141204, 691.7751092285343, 248, 675), (275.4313749717246, 683.7028866247156, 244, 684), (244.92607117152, 683.9912460676069, 185, 688), (216.38984883780205, 685.9001763755602, 183, 684), (183.0770821294089, 684.0043866518232, 153, 688), (155.67118744406937, 687.6451440282309, 126, 688), (126.11996742591853, 687.9985652358004, 92, 655), (103.50586981873809, 666.1277127281146, 89, 641), (89.2070688880661, 641.3586939355773, 89, 596), (89.0286345557213, 602.2724345558375, 78, 565), (79.83192251116641, 571.1911754863066, 78, 538), (78.04565015637979, 538.8270995864417, 50, 586), (62.45571723188519, 565.0494317199676, 49, 525), (51.525384009020684, 532.5165219878667, 56, 486), (55.90700148175155, 486.96677963598756, 79, 457), (78.60174179400612, 457.5168023497603, 77, 446), (77.0258497200528, 446.185863987416, 65, 402), (65.25906010784297, 402.9518491379971, 20, 400), (48.13544169860048, 401.8350266030111, 20, 400), (38.62232036013243, 401.2145696391301, 20, 400), (29.109199021664374, 400.5941126752493, 20, 400), (20.547389817043126, 400.0357014077565, 16, 391)]",[]
Male,22,A,71.859,4,53,B,31.968,"[(446.0387172558909, 421.5450722432816, 117, 438), (390.8143963118076, 424.3067904359819, 376, 397), (376.26696046391055, 397.49207765806074, 339, 441), (358.90203194209187, 417.7650473930692, 438, 480), (385.8741336541394, 438.9869259441048, 596, 470), (404.73646197975006, 441.7708706121346, 664, 429), (453.297583899899, 439.3788342712054, 664, 429), (532.3284293777884, 435.48591238302646, 719, 497), (718.84884502698, 496.95018973578516, 764, 535), (742.1766614535597, 516.6090221497117, 740, 500), (740.070737379365, 500.5397617984023, 779, 526), (774.3782919863994, 522.97734354562, 781, 565), (777.197707158638, 540.8699046404154, 788, 570), (787.8046529961886, 569.4732158317865, 804, 592), (803.9430174779102, 591.9207406314805, 796, 623), (797.8054900186069, 615.9355194380972, 815, 628), (813.4134238710797, 626.8867832297605, 815, 657), (814.1658049299772, 641.1669766017775, 793, 658), (796.2584863823579, 655.4085475275577, 776, 673), (782.5818373607756, 667.2846628850682, 746, 676), (765.8890356085544, 671.2615925627266, 734, 674), (754.490984022711, 672.2403775475168, 705, 651), (721.2007233980328, 657.9529731184809, 679, 660), (679.3033184080548, 659.9852869599156, 592, 669), (636.6302074904178, 664.3916011351943, 572, 657), (604.4267993522498, 660.7085749250964, 532, 664), (587.2844916644173, 661.48760453665, 500, 659), (561.5549389288109, 660.7543133082712, 488, 661), (543.4417066380369, 660.8148147536238, 460, 661), (516.7484390428757, 660.8740561034872, 435, 663), (496.7352054561425, 661.3945187849934, 405, 665), (477.6832482376281, 662.1433204420985, 368, 664), (423.3510320009414, 663.063037143081, 354, 661), (408.10444324714496, 662.6094854366851, 327, 658), (369.0807509290176, 660.3916150682529, 317, 661), (349.06211674457626, 660.6254641425221, 252, 670), (314.90107819819895, 663.9248346026203, 219, 669), (287.29304423953175, 665.3858748877678, 224, 660), (249.29702798695615, 662.1526319267319, 207, 662), (223.55719557590393, 662.0597478542179, 195, 653), (204.47448631934677, 656.0057733391001, 159, 654), (180.66430292097053, 654.955561782577, 144, 635), (173.96557469524456, 651.3095935158051, 135, 627), (173.96557469524456, 651.3095935158051, 115, 635), (173.04674129303285, 651.0554486291272, 102, 649), (171.14087206483677, 651.0003100510434, 100, 649), (171.14087206483677, 651.0003100510434, 105, 668), (150.8277572354459, 656.2212368882135, 125, 561), (141.09475310156034, 620.3378001725104, 109, 438), (109.85998463256321, 442.8857738704994, 100, 402), (103.15504567470028, 415.08282809902937, 50, 383), (86.83128502549819, 405.2302844657669, 47, 377), (69.7198670359994, 393.10262659213913, 24, 370)]","[(446.11955976087273, 420.59517280974524, 440.08908848916633, 433.63970438358604), (427.94799142938086, 422.4497730305455, 413.9496425909707, 424.4041794880764), (71.2754504895902, 394.2051409442871, 56.409337128178734, 393.9476582374994), (31.430584888151053, 373.7547359421887, 39.19904996433029, 361.00293050359903)]"
Male,22,C,37.697,4,41,B,13.145,"[(450, 375, 564, 419), (563.8414998153312, 418.9388244901278, 644, 417), (643.898085503829, 417.00246504513706, 727, 462), (726.8923532403157, 461.94171206691163, 740, 489), (739.7765180145898, 488.5386631925658, 764, 513), (763.9255711274458, 512.9248402966658, 788, 526), (787.3825718428078, 525.6646661150983, 782, 548), (782.0221986410422, 547.9078852871919, 787, 582), (786.980697185205, 581.8677983051518, 789, 600), (788.9855049221076, 599.8698423663838, 785, 642), (785.124779939561, 640.6809705103974, 754, 637), (754.82924333663, 637.0980704208674, 738, 682), (740.7768349861009, 674.591155377295, 688, 653), (688.7181223157862, 653.2937859101276, 669, 663), (669.0456977395421, 662.9775053609915, 618, 657), (618.8619359342794, 657.100933612354, 571, 653), (571.3692841814633, 653.0316412172368, 542, 673), (542.1995580004505, 672.8643192756642, 488, 671), (496.46660505233285, 671.2912284819439, 469, 654), (469.84300117618034, 654.530699950726, 430, 665), (430.1955499157569, 664.9486165529144, 377, 673), (379.2952648780533, 672.6526014361144, 333, 667), (339.5504297231009, 667.7998003371941, 263, 671), (264.30282159666433, 670.9455353908604, 228, 669), (228.12806619570713, 669.0068633044255, 172, 665), (175.82783048035927, 665.2732606791374, 156, 646), (161.4722183781872, 651.3191644643339, 128, 592), (161.4722183781872, 651.3191644643339, 111, 641), (160.5382064096299, 651.1282035074966, 111, 635), (160.5382064096299, 651.1282035074966, 144, 687), (145.37074147970418, 684.0268263567474, 105, 622), (127.68944377143497, 656.860746604059, 120, 605), (122.79563635290498, 623.8549123713848, 135, 539), (127.95291323876009, 587.9972231973667, 123, 518), (125.32866572164437, 550.9099514593577, 98, 492), (106.47277766638094, 510.26400623200254, 99, 477), (99.15921574375979, 477.70872622324697, 132, 423), (120.74811288740727, 441.74426648080913, 109, 412), (109.19113439619879, 412.48392047886085, 66, 390), (66.06468365145128, 390.03367223611616, 40, 387), (40.497277644036025, 387.05787821569317, 3, 385)]","[(782.0221986410422, 547.9078852871919, 773.0694576878988, 536.2937261488647), (745.7955522541465, 661.2007678928566, 740.0102826821256, 675.0013854513713), (160.5382064096299, 651.1282035074966, 175.4722726594954, 652.0819668062261), (160.5382064096299, 651.1282035074966, 175.50438208807805, 651.9226094025612)]"
Male,22,H,45.401,1,43,B,21.479,"[(450, 375, 520, 391), (503.9031763567134, 387.32072602439155, 680, 371), (612.1193999387144, 377.29120192545776, 688, 415), (687.247336644719, 414.6259646014992, 744, 417), (743.4448560669895, 416.97677762997694, 681, 427), (695.4393418330761, 424.682295337274, 768, 438), (756.387937819382, 435.86873467587736, 716, 445), (719.1933795912979, 444.2780122506084, 765, 469), (764.4965264794447, 468.728273640442, 742, 441), (742.2728837830635, 441.33634508935137, 772, 480), (767.2594838474452, 473.8343941846501, 721, 436), (735.5275959855653, 447.8817320765157, 742, 477), (741.9401981868406, 476.73096160035715, 782, 461), (774.7728071803965, 463.83802434305153, 704, 445), (735.1587814478614, 453.29372052345605, 783, 489), (782.5269810265007, 488.64696242745015, 750, 451), (758.219532642049, 460.51334635988223, 779, 497), (778.5070831540964, 496.1345292711629, 730, 514), (745.4073630757277, 508.32536907726364, 788, 545), (786.5856489032435, 543.7821649887295, 758, 555), (763.5120606949686, 552.8369080353027, 762, 557), (762.2102424092661, 556.4211485771921, 785, 575), (780.6829368340759, 571.4806086759263, 784, 575), (783.952294847161, 574.9493850154137, 787, 633), (786.951211843694, 632.0707163798671, 759, 632), (759.3046336579125, 632.0007707211263, 793, 700), (777.5058154635101, 668.7318251391176, 695, 661), (695.8767995289297, 661.0821670642447, 648, 659), (648.2551471288564, 659.0110963755612, 556, 695), (579.8678498566852, 685.6891076005209, 516, 678), (516.4524337258961, 678.0544689011501, 443, 696), (447.9214260821065, 694.7976218032921, 372, 660), (372.52370308780945, 660.2400326617561, 305, 669), (305.3995402133599, 668.9481669538355, 220, 673), (220.64821117384759, 672.9692452272163, 163, 666), (163.86167453194037, 666.1041701207524, 141, 614), (156.96689497523505, 650.3902395219358, 123, 622), (124.05050662609027, 622.8780353563618, 128, 569), (127.95350815791983, 569.6342304883775, 90, 532), (98.16771625706882, 540.0990066821538, 96, 489), (96.02620582565761, 489.6177430537889, 64, 424), (68.01022574347735, 432.2164576052394, 54, 416), (54.29877783395832, 416.345827266918, 16, 375)]","[(772.5549512871596, 564.8544462324835, 785.6365612420581, 571.6998965384402)]"
Female,21,A,50.785,3,33,B,19.698,"[(450, 375, 542, 420), (506.52095595582387, 402.6461197610005, 644, 417), (570.9971482508481, 409.3779351362381, 788, 358), (624.8029726199513, 396.63878386654244, 776, 431), (738.2177074444592, 422.413551291222, 771, 452), (767.2343105670899, 448.60141592991965, 783, 394), (782.8376346652572, 394.56232093195933, 765, 444), (768.9247301934969, 433.1224618411614, 791, 376), (788.1692117346523, 383.3250110229731, 738, 377), (745.6061384669192, 377.95893293879084, 770, 405), (768.5946185302637, 403.44210747371073, 770, 405), (769.8717563115606, 404.85783939231743, 783, 466), (782.8805403523903, 465.443640662557, 784, 652), (783.996041333337, 651.3402938265212, 627, 659), (627.8351255776233, 658.9592549182245, 512, 660), (512.4864479127641, 659.995629406277, 407, 655), (423.92570351988445, 655.8015678212603, 368, 674), (399.4489929998205, 663.7663805696538, 365, 669), (371.1734429634343, 668.062107532556, 365, 669), (365.51833295615705, 668.9212529251364, 282, 649), (310.8065348883808, 655.8710934126212, 251, 652), (259.43403688864015, 652.545909317474, 205, 659), (205.4720169396138, 658.9440342788063, 172, 665), (204.5339140411175, 659.113761696383, 172, 665), (204.5339140411175, 659.113761696383, 176, 675), (203.7009732542009, 659.5775009441669, 176, 675), (203.7009732542009, 659.5775009441669, 165, 672), (203.7009732542009, 659.5775009441669, 168, 690), (169.59718117926963, 688.6389658743376, 95, 661), (95.39961079914636, 661.1480596058192, 101, 469), (100.3434302102561, 491.52675779673757, 112, 386), (111.54304852622367, 390.1367750863108, 51, 390), (51.48320178984925, 390.0010916194034, 16, 384)]","[(783.3610638518771, 545.5221989485718, 768.7993900996373, 548.3410857206559), (207.36542114835157, 658.7195386661278, 195.11896899840806, 651.0165847283039), (51.48320178984925, 390.0010916194034, 65.94307946570406, 390.4911209442295)]"
Male,21,C,31.682,2,36,B,12.382,"[(450, 375, 581, 363), (496.51856961527267, 370.7387569818063, 662, 385), (548.7582684422582, 375.24079106766624, 752, 381), (650.7240055553442, 378.1301680645697, 751, 507), (687.6073396052918, 425.5308354581836, 753, 438), (728.8116129525476, 433.38772430613324, 766, 489), (757.4280349286472, 476.1813078588765, 766, 478), (765.821204903978, 477.96206549684933, 783, 523), (779.0715828427742, 512.7008030167866, 783, 502), (782.6855501717696, 502.8565448973174, 788, 521), (787.7772430353497, 520.2395109338553, 788, 521), (787.7772430353497, 520.2395109338553, 783, 634), (783.0173737469812, 633.5862789607163, 656, 663), (702.2156109916108, 652.2977389685663, 689, 662), (689.1515732075384, 661.8887222977551, 612, 656), (612.1555277388984, 656.011870913656, 558, 661), (570.3856701598952, 659.8591871567332, 480, 665), (540.8800225937506, 661.5373625985777, 467, 676), (514.6839059939856, 666.6654733165611, 467, 676), (467.9051263515454, 675.8228138843858, 358, 661), (451.84387601585945, 673.6566462780186, 358, 661), (428.224390228086, 670.4711056804197, 358, 661), (409.32880159786725, 667.9226732023405, 320, 664), (375.9942594422481, 666.4588618348184, 284, 669), (341.6873453526299, 667.4065145389245, 266, 670), (302.6236051717994, 668.7450638266847, 180, 674), (272.1449124563721, 670.0512037386644, 172, 673), (220.687215184921, 671.5663906973333, 130, 655), (168.1696285778113, 661.972680531679, 124, 635), (124.23388780247274, 635.1428262174594, 143, 573), (134.15543922425704, 602.2882189699998, 106, 469), (122.92463745533749, 549.1214559349291, 90, 455), (104.03772677271033, 495.1295620538426, 86, 384), (97.46994566282397, 454.6657803587212, 86, 384), (88.15286083251954, 397.2636714423861, 0, 394), (54.80903840430534, 396.02918761496164, 22, 368)]","[(222.5930558246044, 671.510272661827, 215.22043710419481, 684.246810378667), (73.86265122042771, 396.7346069449186, 60.18762039152026, 402.13488492304396)]"
Female,19,H,43.332,2,49,A,14.701,"[(450, 375, 104, 375), (347.04000000000156, 375.0, 770, 357), (521.3422305692488, 367.5821823570858, 558, 310), (557.6918203804618, 310.4840898758042, 570, 316), (569.8713505061734, 315.9423457353235, 641, 299), (640.352850737098, 299.15414641825015, 647, 257), (646.8865513973263, 257.71945563713194, 698, 249), (697.6334530464172, 249.06252933402195, 726, 218), (725.9195825198536, 218.08806043048185, 721, 175), (721.8100989231419, 182.0952344460423, 752, 184), (751.3047857811708, 183.95613698457387, 763, 148), (762.8050278551041, 148.59942853708216, 754, 121), (756.1407074313533, 127.7100641522884, 719, 98), (756.1407074313533, 127.7100641522884, 754, 108), (756.0377713677988, 126.76230436665475, 754, 101), (756.0377713677988, 126.76230436665475, 758, 88), (757.387315471766, 100.10310754537193, 650, 131), (715.2436247748835, 112.22846027797667, 731, 64), (724.7174616200638, 83.23013055811182, 649, 93), (649.0778537328125, 92.98995448620612, 611, 80), (613.889108613755, 80.98559623821566, 566, 105), (566.166497422493, 104.91650844117208, 524, 89), (534.9497173108073, 93.13316919021473, 497, 95), (504.4798949398762, 94.63204736906583, 491, 99), (491.78316206356567, 98.74622837854027, 440, 78), (461.6947467229395, 86.69170889132248, 439, 102), (439.56519248092314, 101.61876062614691, 394, 99), (410.06054775931494, 99.92304515390897, 394, 99), (394.8323440320333, 99.04783716823779, 326, 76), (356.8642637489108, 86.33459684115032, 310, 84), (310.20878578170226, 84.0104009022536, 253, 81), (253.0878151416468, 81.00462094725543, 244, 77), (244.36393011288644, 77.16036881590199, 209, 76), (209.10956982494739, 76.00359522846095, 188, 83), (188.2962712064618, 82.90180599132297, 155, 76), (155.62413324302568, 76.12937324210834, 112, 75), (117.50357246817728, 75.1424804808599, 109, 75), (109.87797614025865, 75.01471081279259, 109, 142), (109.4281825575072, 109.33176321728858, 88, 137), (88.4137313314271, 136.46578687148897, 66, 165), (66.03582461342197, 164.95439281663934, 78, 181), (77.43308432946434, 180.23968799674137, 76, 222), (76.22332510597158, 215.49226984638187, 71, 237), (71.04867238599162, 236.79958503010968, 69, 252), (69.01128900282633, 251.91623964440097, 70, 297), (69.99368697412096, 296.712135349295, 58, 366), (60.074884301530545, 354.0133354355068, 56, 378), (56.08323716112329, 377.51002734914084, 4, 370), (36.26817050450991, 374.6528375770099, 4, 370)]","[(757.0017314420609, 107.7200209228813, 749.990580427386, 95.07374761970584), (59.116888987832795, 359.652541494779, 66.97867061543572, 372.1198551447899)]"
Male,21,HA,28.784,2,42,B,10.229,"[(450, 375, 414, 397), (423.96921552805725, 390.90770162174283, 473, 465), (445.01347627757025, 422.7084909298354, 517, 459), (475.65926202278763, 438.158352290321, 604, 429), (511.79404271449505, 435.57978638269105, 652, 437), (545.1589976962644, 435.91775606902587, 716, 461), (574.3988779554859, 440.2106471155812, 716, 461), (606.468424046245, 444.918979231158, 720, 458), (634.8804542946957, 448.19259148081414, 720, 458), (668.0278229178882, 452.01180577207964, 763, 516), (710.7215405953059, 480.7770082028134, 724, 522), (720.6594536130747, 511.62927007498484, 749, 509), (748.1879048280931, 509.0753414385306, 761, 545), (757.7950612301012, 536.0134658325449, 782, 549), (781.3167658753633, 548.6334283929278, 783, 574), (782.9579104503243, 573.3657046514624, 780, 585), (780.1390737300691, 584.4529838282734, 772, 610), (772.0360857462949, 609.8867336536392, 761, 701), (767.7946071814606, 644.9041279603057, 663, 657), (734.6480131677126, 648.7300591844928, 600, 657), (704.1987241925854, 650.6002228191014, 512, 660), (664.2065233198207, 652.5561035293255, 433, 667), (629.0018203250937, 654.7554060318471, 383, 663), (599.4650703588387, 655.7453113516085, 383, 663), (561.3531349185097, 657.0226085383974, 382, 677), (529.1390225151525, 660.6108030484183, 292, 664), (498.63547104751143, 661.0467605831591, 256, 670), (460.5280725415076, 662.4529221015247, 198, 673), (423.3780411695026, 663.9454263926585, 148, 675), (390.9907930603066, 665.2455562673643, 112, 662), (356.6731151112782, 664.846331785698, 112, 662), (234.65470462584392, 663.4268669619976, 87, 665), (166.01859997717554, 664.158125231729, 123, 505), (162.53611612640424, 651.2738007503981, 105, 528), (162.53611612640424, 651.2738007503981, 57, 712), (139.39956549199218, 664.5867293983588, 87, 573), (122.35631569474873, 634.7976368249238, 111, 481), (119.4780180317959, 595.8170915019759, 94, 457), (113.9709149547395, 565.8116165547285, 88, 438), (107.70636306956496, 534.9816475362891, 88, 438), (99.54346212827673, 494.8092636637771, 80, 377), (86.90609003318455, 418.63036089844275, 10, 373)]","[(755.8736299496995, 530.625840953742, 744.9687727919976, 539.9242167989288), (757.7950612301012, 536.0134658325449, 744.7644631980862, 541.8606588040974)]"
Male,19,A,38.147,4,37,B,10.393,"[(450, 375, 547, 357), (494.0545742917709, 366.8249243582278, 525, 419), (516.4254790049272, 404.54305616190226, 695, 442), (627.4559185493541, 427.8322741038593, 778, 404), (683.010754724262, 419.03752062861537, 740, 539), (704.6917591612586, 464.6760798855367, 813, 521), (809.5711738616254, 519.216895334938, 763, 558), (783.198522335162, 541.1792643206343, 833, 587), (809.1563853656328, 565.0622580889127, 774, 639), (782.1375851730362, 621.8857641066944, 805, 642), (804.3259288121496, 641.4069556088489, 771, 679), (775.2353264704946, 674.2223742385752, 800, 680), (799.3737760453109, 679.8539012578251, 740, 679), (780.3090809086007, 679.5797167905132, 740, 679), (740.2732211215091, 679.0039294091578, 704, 636), (724.2919398882241, 660.0572279921018, 707, 630), (710.505462398641, 636.0932713862516, 646, 679), (669.2293566697934, 663.5486619979052, 592, 662), (592.9780193010901, 662.0196119894057, 464, 663), (531.0131427204259, 662.4906195487312, 464, 657), (486.35611873391304, 658.8317144603459, 442, 641), (458.0510751713721, 647.4527329578685, 385, 648), (446.6113961847366, 647.5384340822842, 427, 670), (427.17424352224094, 669.8004332621869, 376, 631), (396.02796500192375, 646.1852507423354, 302, 665), (338.07019546679277, 657.7824484623394, 248, 644), (264.5657621961803, 646.5348758546047, 250, 688), (253.82320841406656, 677.1162707870819, 163, 691), (212.35821772093, 683.4548346041073, 135, 687), (179.02653425152903, 684.9823559755135, 129, 681), (129.60952984550272, 681.0485215467913, 69, 545), (113.70348519024708, 645.3446666493691, 61, 523), (91.07337558458318, 592.8116471355864, 118, 450), (100.08177750714997, 545.0334816747655, 11, 461), (68.18208107768939, 514.9415523223164, 115, 393), (86.29223390495913, 467.7720027270815, 24, 357), (24.143275156039206, 357.25478097317415, 6, 365)]","[(799.3313671137805, 585.7253511862879, 787.453666537216, 576.5964828974454), (451.3779290958347, 647.5027252804443, 442.4348900644127, 636.028275991631), (40.498264300491584, 386.3382603820978, 52.93234764765208, 378.2464963991872), (24.143275156039206, 357.25478097317415, 32.84905880510867, 369.4418831515596)]"
Male,35,C,50.76,5,49,B,16.29,"[(450, 375, 495, 369), (494.4136181365875, 369.078184248455, 536, 390), (535.2919075247528, 389.6437636640082, 576, 403), (575.1481668616916, 402.7205154056041, 616, 417), (615.6454538385046, 416.876070764464, 657, 423), (656.1965805929082, 422.8810267781377, 699, 410), (698.189639518932, 410.2438654481621, 739, 437), (738.8500141400768, 436.9016661014098, 763, 485), (762.8052284188074, 484.6120830628847, 772, 502), (771.7182637114767, 501.4672181750512, 775, 527), (774.8781081253128, 526.051648770955, 787, 537), (786.905342517469, 536.9145064668188, 794, 553), (793.8302692874389, 552.6151748994217, 792, 568), (792.0283494129028, 567.7617013178298, 801, 583), (800.7345424132624, 582.5491217636169, 796, 597), (796.2822977205067, 596.1383644649537, 788, 615), (788.2331695735934, 614.4689928250115, 777, 645), (777.0409511925474, 644.8886973845362, 780, 650), (779.9067869793871, 649.8389888146306, 772, 665), (772.4125968893936, 664.2088586588394, 736, 683), (736.8312472962348, 682.5710252284271, 714, 685), (714.079641403298, 684.9915270963136, 658, 681), (659.8767646393582, 681.1335806849678, 660, 649), (659.997415866274, 649.6738120386241, 604, 640), (630.8754480506049, 644.6428576903656, 591, 649), (630.8754480506049, 644.6428576903656, 602, 651), (630.8754480506049, 644.6428576903656, 616, 666), (616.1640507594301, 665.7644672346518, 572, 663), (572.396378548127, 663.024811481057, 572, 663), (572.396378548127, 663.024811481057, 502, 663), (502.8030495373646, 663.0002830379743, 456, 667), (456.2593647794923, 666.9778350830097, 405, 666), (405.7418889893462, 666.0141524399415, 370, 664), (370.52443011245333, 664.0295530600213, 315, 661), (315.31321949629097, 661.0170900463368, 283, 657), (283.14749021098663, 657.0183355749666, 232, 675), (232.78266345887877, 674.7248429665417, 220, 661), (220.43764643091896, 661.4699043011304, 196, 663), (196.65089300207845, 662.9592461333901, 162, 666), (162.46227972096747, 665.9594331133428, 119, 636), (119.29173456161209, 636.201098565045, 113, 613), (113.05384742617753, 613.1985651857981, 88, 556), (92.39930013206853, 566.0437130910711, 101, 543), (100.73316330053619, 543.7149311613044, 88, 486), (89.02611180033578, 490.65100230966874, 74, 458), (74.27980118318902, 458.60799421699693, 55, 433), (55.357473483705654, 433.47480670658814, 44, 405), (45.82136950677342, 409.5664332583344, 44, 405), (44.055424325859974, 405.13895669384306, 15, 386)]","[(450, 375, 435.48534764477364, 375.04495486639155), (794.4467363574471, 571.8693181083262, 801.3989866375692, 584.9579601179482), (799.5472771618607, 586.1729198173067, 803.3284568698034, 600.3701550607451), (633.6937030005083, 645.1297242401971, 622.1104438996443, 636.0756243099187), (234.5814072714541, 674.092467702557, 225.19042603242946, 685.3331904859979)]"
Male,20,H,37.424,1,16,A,14.485,"[(450, 375, 755, 338), (754.7391799087364, 338.0316404700877, 788, 261), (787.6172146058345, 261.8865261523813, 824, 227), (823.3989014803575, 227.57637805897696, 794, 197), (798.9512784363162, 202.14958565527456, 805, 180), (804.9787552268074, 180.07779543472168, 796, 161), (796.0475828322237, 161.10110260458575, 807, 114), (806.8434845670204, 114.67309794313418, 784, 73), (784.389373472728, 73.71032940783826, 692, 86), (692.7234717282439, 85.9037635077644, 562, 83), (562.1490150085056, 83.00331007383821, 454, 97), (454.36791404422917, 96.95238441333792, 297, 89), (297.26837522054353, 89.01356199536443, 89, 85), (119.02813584728176, 85.57867539755225, 105, 302), (109.90180975364284, 226.37654073344427, 39, 351), (39.188339005774026, 350.6689582607844, 12, 381)]","[(801.5942647113477, 204.89842807729644, 789.0810730882964, 197.10976222027523)]"
Male,22,HA,32.135,6,24,A,12.255,"[(444.05262719822906, 412.66669441121593, 520, 363), (491.1268805147723, 381.8819224321852, 594, 350), (541.2101668784243, 366.3603609301625, 653, 320), (598.4498503609137, 342.62249218416906, 593, 304), (593.2550055829099, 305.80719661653313, 684, 244), (644.4704687527169, 270.92390390956916, 701, 311), (695.8000154360366, 307.31351832473985, 728, 246), (725.941269788036, 249.92012587230334, 767, 219), (766.3030350271897, 219.52486388586863, 763, 171), (763.8428179604985, 183.38183261063494, 792, 128), (776.8045493179148, 157.88764660248393, 771, 109), (771.0720436080984, 109.60677276732095, 675, 105), (692.9884283629175, 105.8625672859343, 620, 64), (639.2355028104961, 75.03253692050008, 515, 75), (551.5288391517314, 75.00956679780381, 437, 100), (491.91810263731156, 88.01675468192914, 340, 85), (393.74412391841855, 86.06723843072288, 277, 81), (298.5004661836744, 81.93322031865604, 195, 63), (226.29201239401527, 68.72421155880224, 139, 110), (162.51568447880373, 98.88067314548915, 126, 138), (162.51568447880373, 98.88067314548915, 99, 79), (127.03321549505179, 87.77451292617607, 93, 157), (93.384874743221, 156.21714298298494, 88, 333), (88.01516784469653, 332.5020469280886, 14, 379)]","[(594.3206147681415, 313.35905211758666, 580.4156457803334, 308.4171836917642), (764.0184068061056, 221.24535041340278, 762.9684272220405, 206.29835158297266), (766.0440648096433, 215.7203342779493, 770.6988806592009, 201.79558530884424), (764.2960158412047, 190.03975942449378, 761.17958366353, 175.66323649643172), (249.73631557247603, 73.012850766547, 248.67965265160902, 58.32736623360966), (247.86077131819917, 72.66975962992743, 248.92317647986263, 57.93214345546875)]"
Male,21,A,37.594,4,37,A,12.334,"[(450, 375, 477, 310), (466.45671148334924, 335.3819908734198, 526, 360), (496.41083582056484, 347.7664413242226, 680, 364), (641.7039416791862, 360.6137363684804, 807, 345), (689.1593669463599, 356.1311340190793, 765, 201), (715.1192671885282, 303.03045959905666, 834, 325), (750.7427305431787, 309.6137897895987, 756, 137), (751.9326348813961, 270.54523928184466, 848, 299), (783.9254065609184, 280.0213674313727, 763, 116), (776.686654921912, 223.28125397793656, 812, 228), (799.365081800457, 226.3116589532554, 798, 224), (798.3955775920974, 224.66987962345775, 795, 195), (795.035272751218, 195.30820626365957, 794, 141), (794.3448123063193, 159.08812009380327, 786, 86), (789.6946232834026, 118.35939411533825, 777, 92), (777.2850658011562, 92.5919168795899, 451, 63), (712.7233750461219, 86.73659468843265, 260, 85), (467.71851087505274, 85.79678426729777, 491, 87), (489.6159535731575, 86.92847079382982, 449, 85), (449.62101068464244, 85.02948597441723, 406, 80), (415.5268861537352, 81.09844635734109, 268, 87), (366.94574182974816, 83.04184960216382, 140, 78), (252.5739627388574, 80.50095456593617, 263, 77), (262.51513862193264, 77.16281139352125, 210, 83), (217.9827237192673, 82.1127003533546, 241, 83), (238.94049071260343, 82.9206073802703, 220, 82), (220.8485156536259, 82.04124231968726, 145, 78), (145.64185520240278, 78.03419832787377, 77, 95), (107.6970343776569, 87.4127954345333, 132, 237), (117.17562851360098, 145.75449833777773, 97, 302), (97.27526177702745, 299.8682986549293, 93, 280), (93.06375520844462, 280.2962877101448, 97, 295), (96.7617092806959, 294.10987289573376, 92, 325), (92.11400597550117, 324.2604212339981, 92, 375), (92.0433191660519, 355.72034182154925, 95, 411), (93.01074384466797, 373.80782185431383, 89, 373), (89.27248318333983, 373.0548820565361, 2, 370)]","[(450, 375, 435.1727435436023, 376.75693837196076), (779.5821555775141, 245.97729935931102, 773.0384107947809, 232.78765641675264), (781.4215849619054, 101.18107595817266, 768.0163741166086, 94.51188430500244), (92.50157296118583, 364.28809552127984, 94.24729335382634, 378.7245211711824)]"
Male,20,H,33.908,7,34,B,12.516,"[(404.57957386252167, 440.95294754209294, 492, 432), (449.15309938222805, 436.3880597535518, 440, 391), (444.25318400049133, 412.0905357295647, 485, 391), (484.8920811790695, 391.0558587387234, 584, 390), (583.0798425270673, 390.00980301393025, 655, 451), (654.3346398083869, 450.43575694799546, 660, 483), (658.5830820310315, 474.8556173719467, 662, 483), (661.9024623141515, 482.7675143970622, 727, 498), (726.880608481953, 497.97206300507804, 740, 519), (739.4962938513311, 518.1926530172079, 783, 552), (782.4034881612076, 551.5364421908221, 794, 590), (789.283205159023, 574.3552342668228, 794, 590), (793.9614127175387, 589.8720128785033, 794, 643), (793.9898016690314, 628.9586692356079, 755, 635), (759.132421473989, 634.3596960252794, 754, 664), (755.2286841204792, 656.904212757177, 754, 664), (754.0900940590391, 663.4796968039805, 694, 683), (719.6357870847362, 674.6721991469844, 668, 681), (691.2481515295099, 678.151013252919, 632, 689), (632.1704130222147, 688.9687955054832, 440, 683), (608.3485675996715, 688.2288911588439, 440, 683), (494.9565833883647, 684.7069464688464, 472, 708), (480.2344791101366, 699.6448297436632, 373, 677), (373.89953185065747, 677.1899551876987, 296, 681), (317.72002027508006, 679.9376797445873, 227, 675), (227.2872023674271, 675.0156317570029, 132, 675), (143.39387016296374, 675.0018691514214, 101, 662), (111.4937563721219, 665.2183531895713, 88, 556), (88.03714474508573, 556.1726794056962, 80, 481), (85.09803089264892, 528.682685088852, 72, 457), (72.0748065783794, 457.40940019492194, 44, 441), (46.56009766482497, 442.4963475172275, 77, 405), (75.40124354243362, 406.96937319536164, 15, 390), (19.415421205916317, 391.24048655066633, 17, 361)]","[(418.09755783200984, 421.32409410694623, 408.3646873486983, 432.2855164820883), (738.4870390217808, 516.5750058162375, 727.7716008117912, 527.0483054116708), (739.4962938513311, 518.1926530172079, 728.3216463483049, 528.1245436741423), (739.4962938513311, 518.1926530172079, 728.6612921432197, 527.8126850173978), (772.6176368273767, 543.9317183442083, 765.719530820373, 557.2277297080392), (786.5313183598969, 565.2277174364225, 783.6154728919759, 578.5247428797824), (793.9614127175387, 589.8720128785033, 779.8035264671996, 594.3292996869374)]"
Male,21,HA,29.758,1,57,B,8.69,"[(450, 375, 553, 418), (469.35443601929046, 383.0800072701892, 531, 360), (493.4603126421153, 374.05480299299023, 586, 390), (516.0080447326271, 377.9399255875166, 610, 449), (537.3009954993407, 394.0378848398792, 612, 374), (561.2412855571621, 387.61594148978145, 661, 454), (660.4497930988232, 453.63386690251133, 730, 532), (666.7778744802167, 460.7640724026996, 747, 522), (677.3869448912569, 468.8622904860003, 751, 533), (688.1686349404794, 478.25617997238965, 751, 517), (702.7749543501706, 487.2629015347617, 771, 519), (724.3845934695834, 497.3153278541393, 807, 555), (736.8909935205571, 506.04768924970705, 790, 598), (746.903865956059, 523.3838591147712, 821, 639), (755.6486514062136, 537.0288131958672, 772, 673), (757.4698347306504, 552.1730354960249, 834, 689), (764.4504087890847, 564.6534836376071, 898, 706), (776.8901897008494, 577.8195269047293, 876, 730), (786.7752387603377, 592.9977563645829, 667, 728), (778.5502583507404, 602.2683770758873, 660, 738), (768.516174473083, 613.7566902033183, 775, 743), (769.4715017890027, 632.7994086935252, 675, 720), (761.0651786696991, 640.558747042499, 574, 663), (746.8669809115664, 642.2620322273576, 561, 656), (729.753663268414, 643.5269271813272, 522, 683), (716.6415701604577, 646.0182170960893, 439, 651), (702.3438716118172, 646.2747638018066, 424, 642), (679.4665694141505, 645.9234175955792, 389, 650), (659.4485407928801, 646.2043626400065, 385, 664), (637.56782365142, 647.6231397495558, 390, 674), (611.024718791306, 650.4511476755538, 337, 680), (588.2765931502322, 652.9041417272979, 331, 683), (544.7202595636156, 657.9993010904197, 264, 673), (530.440632454065, 658.7623539144098, 214, 683), (494.3197665925224, 661.529017462853, 200, 707), (466.0550986579896, 665.8957721560517, 217, 691), (394.91558168920915, 673.066485192307, 216, 686), (373.0459815429095, 674.6474028220625, 192, 683), (334.0008457746614, 676.4487589640245, 192, 683), (316.8590788520159, 677.2395982458614, 214, 695), (282.1000922784311, 683.2413393950491, 190, 690), (261.18300458408277, 684.7763161043309, 145, 657), (222.24044722323657, 675.4661696931746, 139, 667), (200.4263172711677, 673.2475111918832, 130, 678), (184.25642586662633, 674.3386832268012, 129, 677), (155.68953965236005, 675.7145509606936, 164, 633), (158.96670708910244, 658.8703895511259, 47, 639), (139.25471068435922, 655.3721617513135, 51, 587), (121.9211434534819, 641.9436041905125, 86, 530), (101.82265922177274, 579.3092738948379, 111, 498), (110.26960611012598, 504.47113344464447, 89, 458), (97.57349411858192, 476.73189316288403, 79, 414), (92.7018499210728, 460.27793671427014, 99, 403), (94.26482466863958, 446.0636090854845, 40, 373), (81.75955606550106, 429.22618148283425, 28, 377), (60.56207432269417, 408.6333118704059, 31, 386), (31.04087488305107, 386.03129462316014, 20, 381)]","[(31.04087488305107, 386.03129462316014, 45.34125825708992, 382.47097891475124)]"
Male,23,C,36.487,4,35,A,15.433,"[(450, 375, 690, 383), (545.2804144653442, 378.1760138155107, 773, 308), (772.1328471970431, 308.2672292193822, 756, 178), (768.617755277821, 279.8840629266763, 790, 375), (774.6814500483013, 306.85756443293707, 782, 234), (777.6352207658392, 277.4522120347877, 831, 264), (819.2338920539698, 266.96600456678857, 769, 183), (806.9978505758116, 246.51344808299916, 811, 317), (808.727200451838, 276.9710589564316, 797, 182), (805.4559043424879, 250.47893434911867, 829, 307), (816.0867951796556, 275.999951918683, 808, 221), (811.5103480553021, 244.87459679270842, 842, 235), (831.4633364926972, 238.41247921963094, 814, 328), (825.6265174823288, 268.3555628108595, 810, 207), (815.9795807333578, 230.47807447712108, 840, 198), (831.2853401104153, 209.78311543170108, 786, 174), (792.3892602178453, 179.04860149754668, 812, 131), (807.1593909972606, 142.8600570688171, 763, 147), (785.3284512016907, 144.90670768710476, 773, 71), (779.5246652537251, 110.11412064453731, 741, 131), (764.439025771946, 118.29269517961316, 736, 63), (752.2299381310522, 94.55512530775405, 685, 115), (713.9221122413601, 106.2046779002379, 695, 62), (705.6686954361348, 86.92355184001187, 648, 101), (651.0262960048648, 100.2613063550843, 655, 67), (653.74045208406, 77.54286105665399, 617, 89), (617.3361140923162, 88.89518621470219, 582, 89), (582.0629359308099, 88.9998133197917, 465, 89), (490.54293593092586, 88.99995926669219, 133, 83), (163.59563433742832, 83.51342801469505, 131, 158), (156.3340183600878, 100.1074563936655, 106, 140), (123.46014719873962, 126.1618502517366, 158, 198), (143.70186025535736, 168.26183319288057, 90, 337), (124.33115617847666, 229.12708218339202, 123, 410), (123.4892383023292, 343.5239841269732, 11, 368)]","[(794.8201641562863, 144.01685959219708, 781.1944880409909, 148.23305336820974), (779.6815243333998, 111.05446083487696, 784.0471650261742, 96.92012198659523), (766.1152079365881, 117.38396467571584, 756.012579281045, 127.77475079113107), (752.2299381310522, 94.55512530775405, 763.932366723145, 85.23964932603238)]"
Male,22,C,30.368,3,33,A,10.057,"[(450, 375, 652, 437), (502.85951045000286, 391.2242061777222, 741, 408), (546.6044362236415, 394.3058150924262, 761, 382), (583.7233424290016, 392.17527475777206, 741, 320), (616.6485795646561, 377.0656706154168, 695, 249), (648.4903328128323, 325.02021361361204, 771, 213), (676.6325301990694, 299.2875915671684, 844, 206), (719.1010890107628, 275.61638727888175, 820, 171), (754.1768361779319, 239.24832429623956, 828, 146), (777.8466186405739, 209.35028908851444, 786, 84), (781.9924842859255, 145.61164689116475, 760, 47), (771.6167148907791, 99.08794840781235, 588, 82), (751.6828498891188, 97.23284029894921, 439, 88), (684.9785896641391, 95.26320946650921, 321, 75), (593.6000851971934, 90.17603722800243, 184, 57), (542.2881230143997, 86.01996492933893, 174, 78), (454.6022445864547, 84.11048801209665, 174, 78), (329.74517856405214, 81.39155892341472, 141, 106), (281.53322281816423, 87.67739404347316, 92, 97), (227.25883831625336, 90.34699830979092, 88, 88), (160.53498044361785, 89.22246802113419, 99, 300), (157.59615222255985, 99.28892054746599, 81, 383), (157.59615222255985, 99.28892054746599, 81, 383), (157.59615222255985, 99.28892054746599, 49, 358), (157.59615222255985, 99.28892054746599, 32, 231), (157.59615222255985, 99.28892054746599, 32, 151), (116.16383014689043, 116.34764456762015, 62, 341), (104.32116028770051, 165.46683852528497, 64, 380), (101.85584120760925, 178.58383943801067, 64, 380), (99.74271056753102, 189.82698307748984, 64, 380), (97.80567414745931, 200.13319808034575, 64, 380), (79.31578104677422, 298.5107049257898, 22, 381), (36.88539365831784, 359.5768315924246, 2, 366)]","[(450, 375, 438.0174393805281, 373.9978996348644), (779.7648549839455, 179.85927553451683, 793.7473752370202, 174.52759686937677), (777.6346611399633, 126.07169352815674, 768.6447828029311, 114.35506442704231)]"
Male,20,A,34.983,4,27,B,13.173,"[(450, 375, 524, 381), (523.1665569919386, 380.9324235398869, 616, 431), (558.4078811772505, 399.93901896531406, 576, 447), (569.7574239409186, 430.3003769196848, 704, 417), (703.5224889955987, 417.0473104474622, 801, 457), (748.5103568042913, 435.4862949647232, 768, 496), (767.2147518049811, 493.561870313597, 794, 503), (793.2900195791982, 502.7498291881581, 782, 529), (782.3668217219945, 528.1471110574872, 812, 601), (811.8207711862481, 600.5593676540169, 796, 629), (796.0639265220148, 628.8850807784037, 796, 662), (796.0013544893868, 661.2983537158688, 754, 693), (765.5646164542, 684.2712962546163, 710, 680), (710.4339300972786, 680.0333565516609, 616, 677), (662.7918353830441, 678.5030224864839, 561, 669), (608.6871016626924, 673.4519444777724, 510, 665), (554.5453004507344, 668.8150315473046, 444, 677), (453.76782977072423, 676.2767727058618, 377, 671), (395.7513913287494, 672.2889100845491, 304, 672), (318.5317741505468, 672.0457581736651, 180, 661), (180.73577181976586, 661.0586663791897, 99, 653), (111.47824368360037, 654.2302814374367, 126, 574), (120.81698425236588, 602.6352974851759, 130, 504), (125.32404964228107, 554.2246502929439, 110, 426), (115.48197639140898, 471.8706753183004, 122, 395), (120.3952868779162, 413.9252737937519, 112, 368), (112.16657227042522, 368.9112109254835, 13, 374)]","[(778.5002301191544, 674.5077956756485, 765.5376020790824, 667.4209742924157), (225.40068292008795, 664.6199995815376, 213.08917022625064, 656.1354632287881), (210.19560680082935, 663.4076308318025, 202.6571916014099, 651.1116419220652), (87.41247650261299, 370.1814814330626, 73.40687846123576, 364.84294838697616)]"
Male,21,H,34.764,10,17,A,12.816,"[(450, 375, 652, 376), (651.1508685059132, 375.99579637874217, 745, 253), (744.8353507723808, 253.21578423318115, 783, 241), (749.375132276589, 251.76268581767005, 783, 241), (782.0615591068884, 241.30037722598928, 784, 193), (783.973028524747, 193.6720516646625, 789, 159), (788.8974681546159, 159.70718313360828, 759, 121), (759.1767512624925, 121.22883354038582, 756, 113), (756.0867013851215, 113.22458518370924, 696, 109), (696.1745986936265, 109.01227571221563, 579, 89), (615.3581395970185, 95.20961472973539, 293, 101), (402.799095057381, 99.0277244945531, 196, 88), (196.21927249024372, 88.01169287810941, 148, 83), (148.80800003759026, 83.08397986582486, 142, 224), (142.04537914097438, 223.06071564219903, 112, 421), (131.17217214173326, 294.6935215390968, 127, 372), (127.0107232532954, 371.801308066458, 12, 377)]","[(783.437817087747, 207.007982821834, 769.0405394651488, 206.94454748106313), (783.973028524747, 193.6720516646625, 772.5816510615748, 184.02553000415872), (783.973028524747, 193.6720516646625, 772.6215795728193, 184.02970022534603), (783.973028524747, 193.6720516646625, 775.049832234018, 205.6699967078829), (783.973028524747, 193.6720516646625, 776.1936686518579, 206.08924668214638), (784.9305584527771, 187.06777167251306, 777.58587268568, 174.28934758161438), (687.7170622765397, 107.56781119079328, 692.859986834391, 93.66509331679893), (685.8376097394092, 107.24681907492165, 691.3683274790972, 93.64985188132351), (680.199252128018, 106.28384272730675, 686.5500248868701, 92.8646057921487), (670.8019894423659, 104.67888214794858, 674.3453282750415, 90.22558782644234)]"
